Sample_ID	Country	Organism	Sequence_Type	Alleles_Complete	Quality_Flag	arcC_allele	aroE_allele	glpF_allele	gmk_allele	pta_allele	tpi_allele	yqiL_allele	Original_ST_Assignment
ERR1764988	Kenya	saureus	1	7/7	Complete_profile	arcC(1)	aroE(1)	glpF(1)	gmk(1)	pta(1)	tpi(1)	yqiL(1)	1
ERR1764990	Kenya	saureus	1	7/7	Complete_profile	arcC(1)	aroE(1)	glpF(1)	gmk(1)	pta(1)	tpi(1)	yqiL(1)	1
ERR1765049	Kenya	saureus	1	7/7	Complete_profile	arcC(1)	aroE(1)	glpF(1)	gmk(1)	pta(1)	tpi(1)	yqiL(1)	1
ERR1765050	Kenya	saureus	1	7/7	Complete_profile	arcC(1)	aroE(1)	glpF(1)	gmk(1)	pta(1)	tpi(1)	yqiL(1)	1
ERR1765052	Kenya	saureus	101	7/7	Complete_profile	arcC(3)	aroE(1)	glpF(14)	gmk(15)	pta(11)	tpi(19)	yqiL(3)	101
ERR1764893	Kenya	saureus	1290	7/7	Complete_profile	arcC(1)	aroE(4)	glpF(1)	gmk(1)	pta(11)	tpi(1)	yqiL(3)	1290
ERR1764955	Kenya	saureus	1290	7/7	Complete_profile	arcC(1)	aroE(4)	glpF(1)	gmk(1)	pta(11)	tpi(1)	yqiL(3)	1290
ERR1764920	Kenya	saureus	140	7/7	Complete_profile	arcC(43)	aroE(37)	glpF(48)	gmk(19)	pta(49)	tpi(26)	yqiL(39)	140
ERR1764954	Kenya	saureus	15	7/7	Complete_profile	arcC(13)	aroE(13)	glpF(1)	gmk(1)	pta(12)	tpi(11)	yqiL(13)	15
ERR1765004	Kenya	saureus	15	7/7	Complete_profile	arcC(13)	aroE(13)	glpF(1)	gmk(1)	pta(12)	tpi(11)	yqiL(13)	15
ERR1764896	Kenya	saureus	152	7/7	Complete_profile	arcC(46)	aroE(75)	glpF(49)	gmk(44)	pta(13)	tpi(68)	yqiL(60)	152
ERR1764897	Kenya	saureus	152	7/7	Complete_profile	arcC(46)	aroE(75)	glpF(49)	gmk(44)	pta(13)	tpi(68)	yqiL(60)	152
ERR1764901	Kenya	saureus	152	7/7	Complete_profile	arcC(46)	aroE(75)	glpF(49)	gmk(44)	pta(13)	tpi(68)	yqiL(60)	152
ERR1764908	Kenya	saureus	152	7/7	Complete_profile	arcC(46)	aroE(75)	glpF(49)	gmk(44)	pta(13)	tpi(68)	yqiL(60)	152
ERR1764909	Kenya	saureus	152	7/7	Complete_profile	arcC(46)	aroE(75)	glpF(49)	gmk(44)	pta(13)	tpi(68)	yqiL(60)	152
ERR1764910	Kenya	saureus	152	7/7	Complete_profile	arcC(46)	aroE(75)	glpF(49)	gmk(44)	pta(13)	tpi(68)	yqiL(60)	152
ERR1764912	Kenya	saureus	152	7/7	Complete_profile	arcC(46)	aroE(75)	glpF(49)	gmk(44)	pta(13)	tpi(68)	yqiL(60)	152
ERR1764917	Kenya	saureus	152	7/7	Complete_profile	arcC(46)	aroE(75)	glpF(49)	gmk(44)	pta(13)	tpi(68)	yqiL(60)	152
ERR1764928	Kenya	saureus	152	7/7	Complete_profile	arcC(46)	aroE(75)	glpF(49)	gmk(44)	pta(13)	tpi(68)	yqiL(60)	152
ERR1764931	Kenya	saureus	152	7/7	Complete_profile	arcC(46)	aroE(75)	glpF(49)	gmk(44)	pta(13)	tpi(68)	yqiL(60)	152
ERR1764940	Kenya	saureus	152	7/7	Complete_profile	arcC(46)	aroE(75)	glpF(49)	gmk(44)	pta(13)	tpi(68)	yqiL(60)	152
ERR1764941	Kenya	saureus	152	7/7	Complete_profile	arcC(46)	aroE(75)	glpF(49)	gmk(44)	pta(13)	tpi(68)	yqiL(60)	152
ERR1764956	Kenya	saureus	152	7/7	Complete_profile	arcC(46)	aroE(75)	glpF(49)	gmk(44)	pta(13)	tpi(68)	yqiL(60)	152
ERR1764958	Kenya	saureus	152	7/7	Complete_profile	arcC(46)	aroE(75)	glpF(49)	gmk(44)	pta(13)	tpi(68)	yqiL(60)	152
ERR1764974	Kenya	saureus	152	7/7	Complete_profile	arcC(46)	aroE(75)	glpF(49)	gmk(44)	pta(13)	tpi(68)	yqiL(60)	152
ERR1764976	Kenya	saureus	152	7/7	Complete_profile	arcC(46)	aroE(75)	glpF(49)	gmk(44)	pta(13)	tpi(68)	yqiL(60)	152
ERR1764977	Kenya	saureus	152	7/7	Complete_profile	arcC(46)	aroE(75)	glpF(49)	gmk(44)	pta(13)	tpi(68)	yqiL(60)	152
ERR1764979	Kenya	saureus	152	7/7	Complete_profile	arcC(46)	aroE(75)	glpF(49)	gmk(44)	pta(13)	tpi(68)	yqiL(60)	152
ERR1764980	Kenya	saureus	152	7/7	Complete_profile	arcC(46)	aroE(75)	glpF(49)	gmk(44)	pta(13)	tpi(68)	yqiL(60)	152
ERR1764981	Kenya	saureus	152	7/7	Complete_profile	arcC(46)	aroE(75)	glpF(49)	gmk(44)	pta(13)	tpi(68)	yqiL(60)	152
ERR1764982	Kenya	saureus	152	7/7	Complete_profile	arcC(46)	aroE(75)	glpF(49)	gmk(44)	pta(13)	tpi(68)	yqiL(60)	152
ERR1764984	Kenya	saureus	152	7/7	Complete_profile	arcC(46)	aroE(75)	glpF(49)	gmk(44)	pta(13)	tpi(68)	yqiL(60)	152
ERR1764987	Kenya	saureus	152	7/7	Complete_profile	arcC(46)	aroE(75)	glpF(49)	gmk(44)	pta(13)	tpi(68)	yqiL(60)	152
ERR1764991	Kenya	saureus	152	7/7	Complete_profile	arcC(46)	aroE(75)	glpF(49)	gmk(44)	pta(13)	tpi(68)	yqiL(60)	152
ERR1764994	Kenya	saureus	152	7/7	Complete_profile	arcC(46)	aroE(75)	glpF(49)	gmk(44)	pta(13)	tpi(68)	yqiL(60)	152
ERR1764995	Kenya	saureus	152	7/7	Complete_profile	arcC(46)	aroE(75)	glpF(49)	gmk(44)	pta(13)	tpi(68)	yqiL(60)	152
ERR1764998	Kenya	saureus	152	7/7	Complete_profile	arcC(46)	aroE(75)	glpF(49)	gmk(44)	pta(13)	tpi(68)	yqiL(60)	152
ERR1764999	Kenya	saureus	152	7/7	Complete_profile	arcC(46)	aroE(75)	glpF(49)	gmk(44)	pta(13)	tpi(68)	yqiL(60)	152
ERR1765002	Kenya	saureus	152	7/7	Complete_profile	arcC(46)	aroE(75)	glpF(49)	gmk(44)	pta(13)	tpi(68)	yqiL(60)	152
ERR1765011	Kenya	saureus	152	7/7	Complete_profile	arcC(46)	aroE(75)	glpF(49)	gmk(44)	pta(13)	tpi(68)	yqiL(60)	152
ERR1765013	Kenya	saureus	152	7/7	Complete_profile	arcC(46)	aroE(75)	glpF(49)	gmk(44)	pta(13)	tpi(68)	yqiL(60)	152
ERR1765015	Kenya	saureus	152	7/7	Complete_profile	arcC(46)	aroE(75)	glpF(49)	gmk(44)	pta(13)	tpi(68)	yqiL(60)	152
ERR1765017	Kenya	saureus	152	7/7	Complete_profile	arcC(46)	aroE(75)	glpF(49)	gmk(44)	pta(13)	tpi(68)	yqiL(60)	152
ERR1765019	Kenya	saureus	152	7/7	Complete_profile	arcC(46)	aroE(75)	glpF(49)	gmk(44)	pta(13)	tpi(68)	yqiL(60)	152
ERR1765020	Kenya	saureus	152	7/7	Complete_profile	arcC(46)	aroE(75)	glpF(49)	gmk(44)	pta(13)	tpi(68)	yqiL(60)	152
ERR1765023	Kenya	saureus	152	7/7	Complete_profile	arcC(46)	aroE(75)	glpF(49)	gmk(44)	pta(13)	tpi(68)	yqiL(60)	152
ERR1765028	Kenya	saureus	152	7/7	Complete_profile	arcC(46)	aroE(75)	glpF(49)	gmk(44)	pta(13)	tpi(68)	yqiL(60)	152
ERR1765034	Kenya	saureus	152	7/7	Complete_profile	arcC(46)	aroE(75)	glpF(49)	gmk(44)	pta(13)	tpi(68)	yqiL(60)	152
ERR1765037	Kenya	saureus	152	7/7	Complete_profile	arcC(46)	aroE(75)	glpF(49)	gmk(44)	pta(13)	tpi(68)	yqiL(60)	152
ERR1765039	Kenya	saureus	152	7/7	Complete_profile	arcC(46)	aroE(75)	glpF(49)	gmk(44)	pta(13)	tpi(68)	yqiL(60)	152
ERR1765041	Kenya	saureus	152	7/7	Complete_profile	arcC(46)	aroE(75)	glpF(49)	gmk(44)	pta(13)	tpi(68)	yqiL(60)	152
ERR1765042	Kenya	saureus	152	7/7	Complete_profile	arcC(46)	aroE(75)	glpF(49)	gmk(44)	pta(13)	tpi(68)	yqiL(60)	152
ERR1765043	Kenya	saureus	152	7/7	Complete_profile	arcC(46)	aroE(75)	glpF(49)	gmk(44)	pta(13)	tpi(68)	yqiL(60)	152
ERR1765047	Kenya	saureus	152	7/7	Complete_profile	arcC(46)	aroE(75)	glpF(49)	gmk(44)	pta(13)	tpi(68)	yqiL(60)	152
ERR1791873	Kenya	saureus	152	7/7	Complete_profile	arcC(46)	aroE(75)	glpF(49)	gmk(44)	pta(13)	tpi(68)	yqiL(60)	152
ERR1791874	Kenya	saureus	152	7/7	Complete_profile	arcC(46)	aroE(75)	glpF(49)	gmk(44)	pta(13)	tpi(68)	yqiL(60)	152
ERR1791875	Kenya	saureus	152	7/7	Complete_profile	arcC(46)	aroE(75)	glpF(49)	gmk(44)	pta(13)	tpi(68)	yqiL(60)	152
ERR1791878	Kenya	saureus	152	7/7	Complete_profile	arcC(46)	aroE(75)	glpF(49)	gmk(44)	pta(13)	tpi(68)	yqiL(60)	152
ERR1791880	Kenya	saureus	152	7/7	Complete_profile	arcC(46)	aroE(75)	glpF(49)	gmk(44)	pta(13)	tpi(68)	yqiL(60)	152
ERR1791882	Kenya	saureus	152	7/7	Complete_profile	arcC(46)	aroE(75)	glpF(49)	gmk(44)	pta(13)	tpi(68)	yqiL(60)	152
ERR1764949	Kenya	saureus	1633	7/7	Complete_profile	arcC(46)	aroE(75)	glpF(212)	gmk(44)	pta(13)	tpi(68)	yqiL(60)	1633
ERR1764973	Kenya	saureus	1633	7/7	Complete_profile	arcC(46)	aroE(75)	glpF(212)	gmk(44)	pta(13)	tpi(68)	yqiL(60)	1633
ERR1765022	Kenya	saureus	1633	7/7	Complete_profile	arcC(46)	aroE(75)	glpF(212)	gmk(44)	pta(13)	tpi(68)	yqiL(60)	1633
ERR1791870	Kenya	saureus	1633	7/7	Complete_profile	arcC(46)	aroE(75)	glpF(212)	gmk(44)	pta(13)	tpi(68)	yqiL(60)	1633
ERR1791876	Kenya	saureus	1633	7/7	Complete_profile	arcC(46)	aroE(75)	glpF(212)	gmk(44)	pta(13)	tpi(68)	yqiL(60)	1633
ERR1764906	Kenya	saureus	188	7/7	Complete_profile	arcC(3)	aroE(1)	glpF(1)	gmk(8)	pta(1)	tpi(1)	yqiL(1)	188
ERR1764907	Kenya	saureus	188	7/7	Complete_profile	arcC(3)	aroE(1)	glpF(1)	gmk(8)	pta(1)	tpi(1)	yqiL(1)	188
ERR1764930	Kenya	saureus	188	7/7	Complete_profile	arcC(3)	aroE(1)	glpF(1)	gmk(8)	pta(1)	tpi(1)	yqiL(1)	188
ERR1764985	Kenya	saureus	188	7/7	Complete_profile	arcC(3)	aroE(1)	glpF(1)	gmk(8)	pta(1)	tpi(1)	yqiL(1)	188
ERR1765005	Kenya	saureus	2126	7/7	Complete_profile	arcC(13)	aroE(13)	glpF(1)	gmk(1)	pta(12)	tpi(112)	yqiL(13)	2126
ERR1764903	Kenya	saureus	22	7/7	Complete_profile	arcC(7)	aroE(6)	glpF(1)	gmk(5)	pta(8)	tpi(8)	yqiL(6)	22
ERR1764919	Kenya	saureus	22	7/7	Complete_profile	arcC(7)	aroE(6)	glpF(1)	gmk(5)	pta(8)	tpi(8)	yqiL(6)	22
ERR1764927	Kenya	saureus	22	7/7	Complete_profile	arcC(7)	aroE(6)	glpF(1)	gmk(5)	pta(8)	tpi(8)	yqiL(6)	22
ERR1764929	Kenya	saureus	22	7/7	Complete_profile	arcC(7)	aroE(6)	glpF(1)	gmk(5)	pta(8)	tpi(8)	yqiL(6)	22
ERR1764963	Kenya	saureus	22	7/7	Complete_profile	arcC(7)	aroE(6)	glpF(1)	gmk(5)	pta(8)	tpi(8)	yqiL(6)	22
ERR1765029	Kenya	saureus	22	7/7	Complete_profile	arcC(7)	aroE(6)	glpF(1)	gmk(5)	pta(8)	tpi(8)	yqiL(6)	22
ERR1765033	Kenya	saureus	22	7/7	Complete_profile	arcC(7)	aroE(6)	glpF(1)	gmk(5)	pta(8)	tpi(8)	yqiL(6)	22
ERR1764945	Kenya	saureus	2430	7/7	Complete_profile	arcC(6)	aroE(5)	glpF(6)	gmk(98)	pta(7)	tpi(14)	yqiL(5)	2430
ERR1764938	Kenya	saureus	25	7/7	Complete_profile	arcC(4)	aroE(1)	glpF(4)	gmk(1)	pta(5)	tpi(5)	yqiL(4)	25
ERR1765008	Kenya	saureus	25	7/7	Complete_profile	arcC(4)	aroE(1)	glpF(4)	gmk(1)	pta(5)	tpi(5)	yqiL(4)	25
ERR1765016	Kenya	saureus	25	7/7	Complete_profile	arcC(4)	aroE(1)	glpF(4)	gmk(1)	pta(5)	tpi(5)	yqiL(4)	25
ERR1765046	Kenya	saureus	25	7/7	Complete_profile	arcC(4)	aroE(1)	glpF(4)	gmk(1)	pta(5)	tpi(5)	yqiL(4)	25
ERR1791871	Kenya	saureus	25	7/7	Complete_profile	arcC(4)	aroE(1)	glpF(4)	gmk(1)	pta(5)	tpi(5)	yqiL(4)	25
ERR1764889	Kenya	saureus	30	7/7	Complete_profile	arcC(2)	aroE(2)	glpF(2)	gmk(2)	pta(6)	tpi(3)	yqiL(2)	30
ERR1764890	Kenya	saureus	30	7/7	Complete_profile	arcC(2)	aroE(2)	glpF(2)	gmk(2)	pta(6)	tpi(3)	yqiL(2)	30
ERR1764892	Kenya	saureus	30	7/7	Complete_profile	arcC(2)	aroE(2)	glpF(2)	gmk(2)	pta(6)	tpi(3)	yqiL(2)	30
ERR1764895	Kenya	saureus	30	7/7	Complete_profile	arcC(2)	aroE(2)	glpF(2)	gmk(2)	pta(6)	tpi(3)	yqiL(2)	30
ERR1764953	Kenya	saureus	30	7/7	Complete_profile	arcC(2)	aroE(2)	glpF(2)	gmk(2)	pta(6)	tpi(3)	yqiL(2)	30
ERR1764965	Kenya	saureus	30	7/7	Complete_profile	arcC(2)	aroE(2)	glpF(2)	gmk(2)	pta(6)	tpi(3)	yqiL(2)	30
ERR1765007	Kenya	saureus	30	7/7	Complete_profile	arcC(2)	aroE(2)	glpF(2)	gmk(2)	pta(6)	tpi(3)	yqiL(2)	30
ERR1765038	Kenya	saureus	30	7/7	Complete_profile	arcC(2)	aroE(2)	glpF(2)	gmk(2)	pta(6)	tpi(3)	yqiL(2)	30
ERR1764904	Kenya	saureus	5	7/7	Complete_profile	arcC(1)	aroE(4)	glpF(1)	gmk(4)	pta(12)	tpi(1)	yqiL(10)	5
ERR1765010	Kenya	saureus	5	7/7	Complete_profile	arcC(1)	aroE(4)	glpF(1)	gmk(4)	pta(12)	tpi(1)	yqiL(10)	5
ERR1765030	Kenya	saureus	5	7/7	Complete_profile	arcC(1)	aroE(4)	glpF(1)	gmk(4)	pta(12)	tpi(1)	yqiL(10)	5
ERR1765044	Kenya	saureus	5	7/7	Complete_profile	arcC(1)	aroE(4)	glpF(1)	gmk(4)	pta(12)	tpi(1)	yqiL(10)	5
ERR1764922	Kenya	saureus	508	7/7	Complete_profile	arcC(10)	aroE(40)	glpF(8)	gmk(6)	pta(10)	tpi(3)	yqiL(2)	508
ERR1764972	Kenya	saureus	508	7/7	Complete_profile	arcC(10)	aroE(40)	glpF(8)	gmk(6)	pta(10)	tpi(3)	yqiL(2)	508
ERR1764970	Kenya	saureus	573	7/7	Complete_profile	arcC(1)	aroE(1)	glpF(1)	gmk(1)	pta(12)	tpi(1)	yqiL(1)	573
ERR1765045	Kenya	saureus	573	7/7	Complete_profile	arcC(1)	aroE(1)	glpF(1)	gmk(1)	pta(12)	tpi(1)	yqiL(1)	573
ERR1764916	Kenya	saureus	580	7/7	Complete_profile	arcC(3)	aroE(35)	glpF(48)	gmk(19)	pta(20)	tpi(26)	yqiL(39)	580
ERR1764918	Kenya	saureus	580	7/7	Complete_profile	arcC(3)	aroE(35)	glpF(48)	gmk(19)	pta(20)	tpi(26)	yqiL(39)	580
ERR1765024	Kenya	saureus	6	7/7	Complete_profile	arcC(12)	aroE(4)	glpF(1)	gmk(4)	pta(12)	tpi(1)	yqiL(3)	6
ERR1765026	Kenya	saureus	6	7/7	Complete_profile	arcC(12)	aroE(4)	glpF(1)	gmk(4)	pta(12)	tpi(1)	yqiL(3)	6
ERR1764952	Kenya	saureus	707	7/7	Complete_profile	arcC(18)	aroE(71)	glpF(6)	gmk(2)	pta(7)	tpi(58)	yqiL(2)	707
ERR1764959	Kenya	saureus	707	7/7	Complete_profile	arcC(18)	aroE(71)	glpF(6)	gmk(2)	pta(7)	tpi(58)	yqiL(2)	707
ERR1764935	Kenya	saureus	72	7/7	Complete_profile	arcC(1)	aroE(4)	glpF(1)	gmk(8)	pta(4)	tpi(4)	yqiL(3)	72
ERR1764951	Kenya	saureus	72	7/7	Complete_profile	arcC(1)	aroE(4)	glpF(1)	gmk(8)	pta(4)	tpi(4)	yqiL(3)	72
ERR1764961	Kenya	saureus	72	7/7	Complete_profile	arcC(1)	aroE(4)	glpF(1)	gmk(8)	pta(4)	tpi(4)	yqiL(3)	72
ERR1764968	Kenya	saureus	72	7/7	Complete_profile	arcC(1)	aroE(4)	glpF(1)	gmk(8)	pta(4)	tpi(4)	yqiL(3)	72
ERR1764983	Kenya	saureus	72	7/7	Complete_profile	arcC(1)	aroE(4)	glpF(1)	gmk(8)	pta(4)	tpi(4)	yqiL(3)	72
ERR1764996	Kenya	saureus	72	7/7	Complete_profile	arcC(1)	aroE(4)	glpF(1)	gmk(8)	pta(4)	tpi(4)	yqiL(3)	72
ERR1765012	Kenya	saureus	72	7/7	Complete_profile	arcC(1)	aroE(4)	glpF(1)	gmk(8)	pta(4)	tpi(4)	yqiL(3)	72
ERR1765021	Kenya	saureus	72	7/7	Complete_profile	arcC(1)	aroE(4)	glpF(1)	gmk(8)	pta(4)	tpi(4)	yqiL(3)	72
ERR1765035	Kenya	saureus	72	7/7	Complete_profile	arcC(1)	aroE(4)	glpF(1)	gmk(8)	pta(4)	tpi(4)	yqiL(3)	72
ERR1791877	Kenya	saureus	72	7/7	Complete_profile	arcC(1)	aroE(4)	glpF(1)	gmk(8)	pta(4)	tpi(4)	yqiL(3)	72
ERR1764911	Kenya	saureus	7635	7/7	Unusual_allele(s):_glpF	arcC(2)	aroE(3)	glpF(936)	gmk(1)	pta(4)	tpi(4)	yqiL(30)	7635
ERR1764905	Kenya	saureus	8	7/7	Complete_profile	arcC(3)	aroE(3)	glpF(1)	gmk(1)	pta(4)	tpi(4)	yqiL(3)	8
ERR1764923	Kenya	saureus	8	7/7	Complete_profile	arcC(3)	aroE(3)	glpF(1)	gmk(1)	pta(4)	tpi(4)	yqiL(3)	8
ERR1764924	Kenya	saureus	8	7/7	Complete_profile	arcC(3)	aroE(3)	glpF(1)	gmk(1)	pta(4)	tpi(4)	yqiL(3)	8
ERR1764925	Kenya	saureus	8	7/7	Complete_profile	arcC(3)	aroE(3)	glpF(1)	gmk(1)	pta(4)	tpi(4)	yqiL(3)	8
ERR1764933	Kenya	saureus	8	7/7	Complete_profile	arcC(3)	aroE(3)	glpF(1)	gmk(1)	pta(4)	tpi(4)	yqiL(3)	8
ERR1764934	Kenya	saureus	8	7/7	Complete_profile	arcC(3)	aroE(3)	glpF(1)	gmk(1)	pta(4)	tpi(4)	yqiL(3)	8
ERR1764942	Kenya	saureus	8	7/7	Complete_profile	arcC(3)	aroE(3)	glpF(1)	gmk(1)	pta(4)	tpi(4)	yqiL(3)	8
ERR1764944	Kenya	saureus	8	7/7	Complete_profile	arcC(3)	aroE(3)	glpF(1)	gmk(1)	pta(4)	tpi(4)	yqiL(3)	8
ERR1764946	Kenya	saureus	8	7/7	Complete_profile	arcC(3)	aroE(3)	glpF(1)	gmk(1)	pta(4)	tpi(4)	yqiL(3)	8
ERR1764948	Kenya	saureus	8	7/7	Complete_profile	arcC(3)	aroE(3)	glpF(1)	gmk(1)	pta(4)	tpi(4)	yqiL(3)	8
ERR1764957	Kenya	saureus	8	7/7	Complete_profile	arcC(3)	aroE(3)	glpF(1)	gmk(1)	pta(4)	tpi(4)	yqiL(3)	8
ERR1764967	Kenya	saureus	8	7/7	Complete_profile	arcC(3)	aroE(3)	glpF(1)	gmk(1)	pta(4)	tpi(4)	yqiL(3)	8
ERR1764971	Kenya	saureus	8	7/7	Complete_profile	arcC(3)	aroE(3)	glpF(1)	gmk(1)	pta(4)	tpi(4)	yqiL(3)	8
ERR1764975	Kenya	saureus	8	7/7	Complete_profile	arcC(3)	aroE(3)	glpF(1)	gmk(1)	pta(4)	tpi(4)	yqiL(3)	8
ERR1764989	Kenya	saureus	8	7/7	Complete_profile	arcC(3)	aroE(3)	glpF(1)	gmk(1)	pta(4)	tpi(4)	yqiL(3)	8
ERR1764992	Kenya	saureus	8	7/7	Complete_profile	arcC(3)	aroE(3)	glpF(1)	gmk(1)	pta(4)	tpi(4)	yqiL(3)	8
ERR1764993	Kenya	saureus	8	7/7	Complete_profile	arcC(3)	aroE(3)	glpF(1)	gmk(1)	pta(4)	tpi(4)	yqiL(3)	8
ERR1765001	Kenya	saureus	8	7/7	Complete_profile	arcC(3)	aroE(3)	glpF(1)	gmk(1)	pta(4)	tpi(4)	yqiL(3)	8
ERR1765014	Kenya	saureus	8	7/7	Complete_profile	arcC(3)	aroE(3)	glpF(1)	gmk(1)	pta(4)	tpi(4)	yqiL(3)	8
ERR1765018	Kenya	saureus	8	7/7	Complete_profile	arcC(3)	aroE(3)	glpF(1)	gmk(1)	pta(4)	tpi(4)	yqiL(3)	8
ERR1765025	Kenya	saureus	8	7/7	Complete_profile	arcC(3)	aroE(3)	glpF(1)	gmk(1)	pta(4)	tpi(4)	yqiL(3)	8
ERR1765032	Kenya	saureus	8	7/7	Complete_profile	arcC(3)	aroE(3)	glpF(1)	gmk(1)	pta(4)	tpi(4)	yqiL(3)	8
ERR1764915	Kenya	saureus	80	7/7	Complete_profile	arcC(1)	aroE(3)	glpF(1)	gmk(14)	pta(11)	tpi(51)	yqiL(10)	80
ERR1764921	Kenya	saureus	80	7/7	Complete_profile	arcC(1)	aroE(3)	glpF(1)	gmk(14)	pta(11)	tpi(51)	yqiL(10)	80
ERR1764926	Kenya	saureus	80	7/7	Complete_profile	arcC(1)	aroE(3)	glpF(1)	gmk(14)	pta(11)	tpi(51)	yqiL(10)	80
ERR1764932	Kenya	saureus	80	7/7	Complete_profile	arcC(1)	aroE(3)	glpF(1)	gmk(14)	pta(11)	tpi(51)	yqiL(10)	80
ERR1764943	Kenya	saureus	80	7/7	Complete_profile	arcC(1)	aroE(3)	glpF(1)	gmk(14)	pta(11)	tpi(51)	yqiL(10)	80
ERR1764947	Kenya	saureus	80	7/7	Complete_profile	arcC(1)	aroE(3)	glpF(1)	gmk(14)	pta(11)	tpi(51)	yqiL(10)	80
ERR1764960	Kenya	saureus	80	7/7	Complete_profile	arcC(1)	aroE(3)	glpF(1)	gmk(14)	pta(11)	tpi(51)	yqiL(10)	80
ERR1764986	Kenya	saureus	80	7/7	Complete_profile	arcC(1)	aroE(3)	glpF(1)	gmk(14)	pta(11)	tpi(51)	yqiL(10)	80
ERR1765000	Kenya	saureus	80	7/7	Complete_profile	arcC(1)	aroE(3)	glpF(1)	gmk(14)	pta(11)	tpi(51)	yqiL(10)	80
ERR1765006	Kenya	saureus	80	7/7	Complete_profile	arcC(1)	aroE(3)	glpF(1)	gmk(14)	pta(11)	tpi(51)	yqiL(10)	80
ERR1764969	Kenya	saureus	88	7/7	Complete_profile	arcC(22)	aroE(1)	glpF(14)	gmk(23)	pta(12)	tpi(4)	yqiL(31)	88
ERR1765009	Kenya	saureus	88	7/7	Complete_profile	arcC(22)	aroE(1)	glpF(14)	gmk(23)	pta(12)	tpi(4)	yqiL(31)	88
ERR1765027	Kenya	saureus	88	7/7	Complete_profile	arcC(22)	aroE(1)	glpF(14)	gmk(23)	pta(12)	tpi(4)	yqiL(31)	88
ERR1765031	Kenya	saureus	88	7/7	Complete_profile	arcC(22)	aroE(1)	glpF(14)	gmk(23)	pta(12)	tpi(4)	yqiL(31)	88
ERR1765040	Kenya	saureus	88	7/7	Complete_profile	arcC(22)	aroE(1)	glpF(14)	gmk(23)	pta(12)	tpi(4)	yqiL(31)	88
ERR1765048	Kenya	saureus	88	7/7	Complete_profile	arcC(22)	aroE(1)	glpF(14)	gmk(23)	pta(12)	tpi(4)	yqiL(31)	88
ERR1791881	Kenya	saureus	88	7/7	Complete_profile	arcC(22)	aroE(1)	glpF(14)	gmk(23)	pta(12)	tpi(4)	yqiL(31)	88
ERR1764950	Kenya	saureus	97	7/7	Complete_profile	arcC(3)	aroE(1)	glpF(1)	gmk(1)	pta(1)	tpi(5)	yqiL(3)	97
ERR1764887	Kenya	saureus	Unknown	7/7	No_ST_assigned	arcC(201)	aroE(256)	glpF(236)	gmk(66)	pta(194)	tpi(219)	yqiL(204)	-
ERR1764898	Kenya	saureus	Unknown	7/7	No_ST_assigned	arcC(201)	aroE(256)	glpF(236)	gmk(66)	pta(82)	tpi(219)	yqiL(962)	-
ERR1764899	Kenya	saureus	Unknown	7/7	No_ST_assigned	arcC(201)	aroE(256)	glpF(236)	gmk(66)	pta(82)	tpi(219)	yqiL(962)	-
ERR1764936	Kenya	saureus	Unknown	7/7	No_ST_assigned	arcC(201)	aroE(640)	glpF(358)	gmk(66)	pta(221)	tpi(82)	yqiL(752)	-
ERR1764937	Kenya	saureus	Unknown	7/7	No_ST_assigned	arcC(22)	aroE(1)	glpF(58)	gmk(23)	pta(12)	tpi(4)	yqiL(31)	-
ERR1764939	Kenya	saureus	Unknown	7/7	No_ST_assigned	arcC(1)	aroE(4)	glpF(769)	gmk(1)	pta(11)	tpi(1)	yqiL(3)	-
ERR1764962	Kenya	saureus	Unknown	7/7	No_ST_assigned	arcC(1)	aroE(4)	glpF(769)	gmk(1)	pta(11)	tpi(1)	yqiL(3)	-
ERR1764964	Kenya	saureus	Unknown	7/7	No_ST_assigned	arcC(10)	aroE(40)	glpF(8)	gmk(6)	pta(10)	tpi(3)	yqiL(211)	-
ERR1764978	Kenya	saureus	Unknown	7/7	No_ST_assigned	arcC(3)	aroE(38)	glpF(760)	gmk(1)	pta(1)	tpi(1)	yqiL(338)	-
ERR1764997	Kenya	saureus	Unknown	7/7	No_ST_assigned	arcC(3)	aroE(3)	glpF(1)	gmk(1)	pta(4)	tpi(4)	yqiL(3)	-
ERR1765036	Kenya	saureus	Unknown	7/7	No_ST_assigned	arcC(3)	aroE(3)	glpF(1)	gmk(1)	pta(4)	tpi(4)	yqiL(3)	-
ERR1765051	Kenya	saureus	Unknown	7/7	No_ST_assigned	arcC(10)	aroE(40)	glpF(8)	gmk(6)	pta(10)	tpi(3)	yqiL(211)	-
ERR1791869	Kenya	saureus	Unknown	7/7	No_ST_assigned	arcC(201)	aroE(256)	glpF(236)	gmk(66)	pta(194)	tpi(219)	yqiL(204)	-
ERR1791872	Kenya	saureus	Unknown	7/7	No_ST_assigned	arcC(10)	aroE(40)	glpF(8)	gmk(6)	pta(10)	tpi(3)	yqiL(211)	-
ERR1791879	Kenya	saureus	Unknown	7/7	No_ST_assigned	arcC(281)	aroE(3)	glpF(1)	gmk(1)	pta(4)	tpi(4)	yqiL(3)	-
ERR12511839	Tanzania	saureus	1153	7/7	Complete_profile	arcC(1)	aroE(13)	glpF(1)	gmk(1)	pta(124)	tpi(5)	yqiL(3)	1153
ERR12511774	Tanzania	saureus	121	7/7	Complete_profile	arcC(6)	aroE(5)	glpF(6)	gmk(2)	pta(7)	tpi(14)	yqiL(5)	121
ERR12511775	Tanzania	saureus	121	7/7	Complete_profile	arcC(6)	aroE(5)	glpF(6)	gmk(2)	pta(7)	tpi(14)	yqiL(5)	121
ERR12511780	Tanzania	saureus	121	7/7	Complete_profile	arcC(6)	aroE(5)	glpF(6)	gmk(2)	pta(7)	tpi(14)	yqiL(5)	121
ERR12511814	Tanzania	saureus	121	7/7	Complete_profile	arcC(6)	aroE(5)	glpF(6)	gmk(2)	pta(7)	tpi(14)	yqiL(5)	121
ERR12511816	Tanzania	saureus	121	7/7	Complete_profile	arcC(6)	aroE(5)	glpF(6)	gmk(2)	pta(7)	tpi(14)	yqiL(5)	121
ERR12511828	Tanzania	saureus	121	7/7	Complete_profile	arcC(6)	aroE(5)	glpF(6)	gmk(2)	pta(7)	tpi(14)	yqiL(5)	121
ERR12511848	Tanzania	saureus	121	7/7	Complete_profile	arcC(6)	aroE(5)	glpF(6)	gmk(2)	pta(7)	tpi(14)	yqiL(5)	121
ERR12511850	Tanzania	saureus	121	7/7	Complete_profile	arcC(6)	aroE(5)	glpF(6)	gmk(2)	pta(7)	tpi(14)	yqiL(5)	121
ERR12511688	Tanzania	saureus	15	7/7	Complete_profile	arcC(13)	aroE(13)	glpF(1)	gmk(1)	pta(12)	tpi(11)	yqiL(13)	15
ERR12511699	Tanzania	saureus	15	7/7	Complete_profile	arcC(13)	aroE(13)	glpF(1)	gmk(1)	pta(12)	tpi(11)	yqiL(13)	15
ERR12511716	Tanzania	saureus	15	7/7	Complete_profile	arcC(13)	aroE(13)	glpF(1)	gmk(1)	pta(12)	tpi(11)	yqiL(13)	15
ERR12511721	Tanzania	saureus	15	7/7	Complete_profile	arcC(13)	aroE(13)	glpF(1)	gmk(1)	pta(12)	tpi(11)	yqiL(13)	15
ERR12511819	Tanzania	saureus	15	7/7	Complete_profile	arcC(13)	aroE(13)	glpF(1)	gmk(1)	pta(12)	tpi(11)	yqiL(13)	15
ERR12511843	Tanzania	saureus	15	7/7	Complete_profile	arcC(13)	aroE(13)	glpF(1)	gmk(1)	pta(12)	tpi(11)	yqiL(13)	15
ERR12916300	Tanzania	saureus	15	7/7	Complete_profile	arcC(13)	aroE(13)	glpF(1)	gmk(1)	pta(12)	tpi(11)	yqiL(13)	15
ERR12511691	Tanzania	saureus	152	7/7	Complete_profile	arcC(46)	aroE(75)	glpF(49)	gmk(44)	pta(13)	tpi(68)	yqiL(60)	152
ERR12511692	Tanzania	saureus	152	7/7	Complete_profile	arcC(46)	aroE(75)	glpF(49)	gmk(44)	pta(13)	tpi(68)	yqiL(60)	152
ERR12511698	Tanzania	saureus	152	7/7	Complete_profile	arcC(46)	aroE(75)	glpF(49)	gmk(44)	pta(13)	tpi(68)	yqiL(60)	152
ERR12511702	Tanzania	saureus	152	7/7	Complete_profile	arcC(46)	aroE(75)	glpF(49)	gmk(44)	pta(13)	tpi(68)	yqiL(60)	152
ERR12511703	Tanzania	saureus	152	7/7	Complete_profile	arcC(46)	aroE(75)	glpF(49)	gmk(44)	pta(13)	tpi(68)	yqiL(60)	152
ERR12511709	Tanzania	saureus	152	7/7	Complete_profile	arcC(46)	aroE(75)	glpF(49)	gmk(44)	pta(13)	tpi(68)	yqiL(60)	152
ERR12511710	Tanzania	saureus	152	7/7	Complete_profile	arcC(46)	aroE(75)	glpF(49)	gmk(44)	pta(13)	tpi(68)	yqiL(60)	152
ERR12511714	Tanzania	saureus	152	7/7	Complete_profile	arcC(46)	aroE(75)	glpF(49)	gmk(44)	pta(13)	tpi(68)	yqiL(60)	152
ERR12511715	Tanzania	saureus	152	7/7	Complete_profile	arcC(46)	aroE(75)	glpF(49)	gmk(44)	pta(13)	tpi(68)	yqiL(60)	152
ERR12511718	Tanzania	saureus	152	7/7	Complete_profile	arcC(46)	aroE(75)	glpF(49)	gmk(44)	pta(13)	tpi(68)	yqiL(60)	152
ERR12511719	Tanzania	saureus	152	7/7	Complete_profile	arcC(46)	aroE(75)	glpF(49)	gmk(44)	pta(13)	tpi(68)	yqiL(60)	152
ERR12511725	Tanzania	saureus	152	7/7	Complete_profile	arcC(46)	aroE(75)	glpF(49)	gmk(44)	pta(13)	tpi(68)	yqiL(60)	152
ERR12511729	Tanzania	saureus	152	7/7	Complete_profile	arcC(46)	aroE(75)	glpF(49)	gmk(44)	pta(13)	tpi(68)	yqiL(60)	152
ERR12511730	Tanzania	saureus	152	7/7	Complete_profile	arcC(46)	aroE(75)	glpF(49)	gmk(44)	pta(13)	tpi(68)	yqiL(60)	152
ERR12511732	Tanzania	saureus	152	7/7	Complete_profile	arcC(46)	aroE(75)	glpF(49)	gmk(44)	pta(13)	tpi(68)	yqiL(60)	152
ERR12511739	Tanzania	saureus	152	7/7	Complete_profile	arcC(46)	aroE(75)	glpF(49)	gmk(44)	pta(13)	tpi(68)	yqiL(60)	152
ERR12511749	Tanzania	saureus	152	7/7	Complete_profile	arcC(46)	aroE(75)	glpF(49)	gmk(44)	pta(13)	tpi(68)	yqiL(60)	152
ERR12511753	Tanzania	saureus	152	7/7	Complete_profile	arcC(46)	aroE(75)	glpF(49)	gmk(44)	pta(13)	tpi(68)	yqiL(60)	152
ERR12511762	Tanzania	saureus	152	7/7	Complete_profile	arcC(46)	aroE(75)	glpF(49)	gmk(44)	pta(13)	tpi(68)	yqiL(60)	152
ERR12511769	Tanzania	saureus	152	7/7	Complete_profile	arcC(46)	aroE(75)	glpF(49)	gmk(44)	pta(13)	tpi(68)	yqiL(60)	152
ERR12511773	Tanzania	saureus	152	7/7	Complete_profile	arcC(46)	aroE(75)	glpF(49)	gmk(44)	pta(13)	tpi(68)	yqiL(60)	152
ERR12511781	Tanzania	saureus	152	7/7	Complete_profile	arcC(46)	aroE(75)	glpF(49)	gmk(44)	pta(13)	tpi(68)	yqiL(60)	152
ERR12511783	Tanzania	saureus	152	7/7	Complete_profile	arcC(46)	aroE(75)	glpF(49)	gmk(44)	pta(13)	tpi(68)	yqiL(60)	152
ERR12511784	Tanzania	saureus	152	7/7	Complete_profile	arcC(46)	aroE(75)	glpF(49)	gmk(44)	pta(13)	tpi(68)	yqiL(60)	152
ERR12511791	Tanzania	saureus	152	7/7	Complete_profile	arcC(46)	aroE(75)	glpF(49)	gmk(44)	pta(13)	tpi(68)	yqiL(60)	152
ERR12511798	Tanzania	saureus	152	7/7	Complete_profile	arcC(46)	aroE(75)	glpF(49)	gmk(44)	pta(13)	tpi(68)	yqiL(60)	152
ERR12511802	Tanzania	saureus	152	7/7	Complete_profile	arcC(46)	aroE(75)	glpF(49)	gmk(44)	pta(13)	tpi(68)	yqiL(60)	152
ERR12511805	Tanzania	saureus	152	7/7	Complete_profile	arcC(46)	aroE(75)	glpF(49)	gmk(44)	pta(13)	tpi(68)	yqiL(60)	152
ERR12511811	Tanzania	saureus	152	7/7	Complete_profile	arcC(46)	aroE(75)	glpF(49)	gmk(44)	pta(13)	tpi(68)	yqiL(60)	152
ERR12511833	Tanzania	saureus	152	7/7	Complete_profile	arcC(46)	aroE(75)	glpF(49)	gmk(44)	pta(13)	tpi(68)	yqiL(60)	152
ERR12916294	Tanzania	saureus	152	7/7	Complete_profile	arcC(46)	aroE(75)	glpF(49)	gmk(44)	pta(13)	tpi(68)	yqiL(60)	152
ERR12916296	Tanzania	saureus	152	7/7	Complete_profile	arcC(46)	aroE(75)	glpF(49)	gmk(44)	pta(13)	tpi(68)	yqiL(60)	152
ERR12511827	Tanzania	saureus	22	7/7	Complete_profile	arcC(7)	aroE(6)	glpF(1)	gmk(5)	pta(8)	tpi(8)	yqiL(6)	22
ERR12511756	Tanzania	saureus	2744	7/7	Complete_profile	arcC(10)	aroE(393)	glpF(6)	gmk(2)	pta(260)	tpi(58)	yqiL(2)	2744
ERR12511817	Tanzania	saureus	30	7/7	Complete_profile	arcC(2)	aroE(2)	glpF(2)	gmk(2)	pta(6)	tpi(3)	yqiL(2)	30
ERR12511764	Tanzania	saureus	3118	7/7	Complete_profile	arcC(1)	aroE(4)	glpF(1)	gmk(8)	pta(355)	tpi(4)	yqiL(3)	3118
ERR12511832	Tanzania	saureus	3118	7/7	Complete_profile	arcC(1)	aroE(4)	glpF(1)	gmk(8)	pta(355)	tpi(4)	yqiL(3)	3118
ERR12916293	Tanzania	saureus	5	7/7	Complete_profile	arcC(1)	aroE(4)	glpF(1)	gmk(4)	pta(12)	tpi(1)	yqiL(10)	5
ERR12511824	Tanzania	saureus	6	7/7	Complete_profile	arcC(12)	aroE(4)	glpF(1)	gmk(4)	pta(12)	tpi(1)	yqiL(3)	6
ERR12511829	Tanzania	saureus	6	7/7	Complete_profile	arcC(12)	aroE(4)	glpF(1)	gmk(4)	pta(12)	tpi(1)	yqiL(3)	6
ERR12916297	Tanzania	saureus	6	7/7	Complete_profile	arcC(12)	aroE(4)	glpF(1)	gmk(4)	pta(12)	tpi(1)	yqiL(3)	6
ERR12511711	Tanzania	saureus	601	7/7	Complete_profile	arcC(3)	aroE(37)	glpF(48)	gmk(19)	pta(49)	tpi(26)	yqiL(39)	601
ERR12511747	Tanzania	saureus	789	7/7	Complete_profile	arcC(3)	aroE(4)	glpF(1)	gmk(4)	pta(4)	tpi(6)	yqiL(3)	789
ERR12511794	Tanzania	saureus	789	7/7	Complete_profile	arcC(3)	aroE(4)	glpF(1)	gmk(4)	pta(4)	tpi(6)	yqiL(3)	789
ERR12511686	Tanzania	saureus	8	7/7	Complete_profile	arcC(3)	aroE(3)	glpF(1)	gmk(1)	pta(4)	tpi(4)	yqiL(3)	8
ERR12511689	Tanzania	saureus	8	7/7	Complete_profile	arcC(3)	aroE(3)	glpF(1)	gmk(1)	pta(4)	tpi(4)	yqiL(3)	8
ERR12511696	Tanzania	saureus	8	7/7	Complete_profile	arcC(3)	aroE(3)	glpF(1)	gmk(1)	pta(4)	tpi(4)	yqiL(3)	8
ERR12511700	Tanzania	saureus	8	7/7	Complete_profile	arcC(3)	aroE(3)	glpF(1)	gmk(1)	pta(4)	tpi(4)	yqiL(3)	8
ERR12511701	Tanzania	saureus	8	7/7	Complete_profile	arcC(3)	aroE(3)	glpF(1)	gmk(1)	pta(4)	tpi(4)	yqiL(3)	8
ERR12511704	Tanzania	saureus	8	7/7	Complete_profile	arcC(3)	aroE(3)	glpF(1)	gmk(1)	pta(4)	tpi(4)	yqiL(3)	8
ERR12511705	Tanzania	saureus	8	7/7	Complete_profile	arcC(3)	aroE(3)	glpF(1)	gmk(1)	pta(4)	tpi(4)	yqiL(3)	8
ERR12511707	Tanzania	saureus	8	7/7	Complete_profile	arcC(3)	aroE(3)	glpF(1)	gmk(1)	pta(4)	tpi(4)	yqiL(3)	8
ERR12511712	Tanzania	saureus	8	7/7	Complete_profile	arcC(3)	aroE(3)	glpF(1)	gmk(1)	pta(4)	tpi(4)	yqiL(3)	8
ERR12511720	Tanzania	saureus	8	7/7	Complete_profile	arcC(3)	aroE(3)	glpF(1)	gmk(1)	pta(4)	tpi(4)	yqiL(3)	8
ERR12511723	Tanzania	saureus	8	7/7	Complete_profile	arcC(3)	aroE(3)	glpF(1)	gmk(1)	pta(4)	tpi(4)	yqiL(3)	8
ERR12511724	Tanzania	saureus	8	7/7	Complete_profile	arcC(3)	aroE(3)	glpF(1)	gmk(1)	pta(4)	tpi(4)	yqiL(3)	8
ERR12511726	Tanzania	saureus	8	7/7	Complete_profile	arcC(3)	aroE(3)	glpF(1)	gmk(1)	pta(4)	tpi(4)	yqiL(3)	8
ERR12511727	Tanzania	saureus	8	7/7	Complete_profile	arcC(3)	aroE(3)	glpF(1)	gmk(1)	pta(4)	tpi(4)	yqiL(3)	8
ERR12511731	Tanzania	saureus	8	7/7	Complete_profile	arcC(3)	aroE(3)	glpF(1)	gmk(1)	pta(4)	tpi(4)	yqiL(3)	8
ERR12511733	Tanzania	saureus	8	7/7	Complete_profile	arcC(3)	aroE(3)	glpF(1)	gmk(1)	pta(4)	tpi(4)	yqiL(3)	8
ERR12511734	Tanzania	saureus	8	7/7	Complete_profile	arcC(3)	aroE(3)	glpF(1)	gmk(1)	pta(4)	tpi(4)	yqiL(3)	8
ERR12511736	Tanzania	saureus	8	7/7	Complete_profile	arcC(3)	aroE(3)	glpF(1)	gmk(1)	pta(4)	tpi(4)	yqiL(3)	8
ERR12511738	Tanzania	saureus	8	7/7	Complete_profile	arcC(3)	aroE(3)	glpF(1)	gmk(1)	pta(4)	tpi(4)	yqiL(3)	8
ERR12511740	Tanzania	saureus	8	7/7	Complete_profile	arcC(3)	aroE(3)	glpF(1)	gmk(1)	pta(4)	tpi(4)	yqiL(3)	8
ERR12511743	Tanzania	saureus	8	7/7	Complete_profile	arcC(3)	aroE(3)	glpF(1)	gmk(1)	pta(4)	tpi(4)	yqiL(3)	8
ERR12511745	Tanzania	saureus	8	7/7	Complete_profile	arcC(3)	aroE(3)	glpF(1)	gmk(1)	pta(4)	tpi(4)	yqiL(3)	8
ERR12511751	Tanzania	saureus	8	7/7	Complete_profile	arcC(3)	aroE(3)	glpF(1)	gmk(1)	pta(4)	tpi(4)	yqiL(3)	8
ERR12511752	Tanzania	saureus	8	7/7	Complete_profile	arcC(3)	aroE(3)	glpF(1)	gmk(1)	pta(4)	tpi(4)	yqiL(3)	8
ERR12511755	Tanzania	saureus	8	7/7	Complete_profile	arcC(3)	aroE(3)	glpF(1)	gmk(1)	pta(4)	tpi(4)	yqiL(3)	8
ERR12511757	Tanzania	saureus	8	7/7	Complete_profile	arcC(3)	aroE(3)	glpF(1)	gmk(1)	pta(4)	tpi(4)	yqiL(3)	8
ERR12511758	Tanzania	saureus	8	7/7	Complete_profile	arcC(3)	aroE(3)	glpF(1)	gmk(1)	pta(4)	tpi(4)	yqiL(3)	8
ERR12511760	Tanzania	saureus	8	7/7	Complete_profile	arcC(3)	aroE(3)	glpF(1)	gmk(1)	pta(4)	tpi(4)	yqiL(3)	8
ERR12511761	Tanzania	saureus	8	7/7	Complete_profile	arcC(3)	aroE(3)	glpF(1)	gmk(1)	pta(4)	tpi(4)	yqiL(3)	8
ERR12511766	Tanzania	saureus	8	7/7	Complete_profile	arcC(3)	aroE(3)	glpF(1)	gmk(1)	pta(4)	tpi(4)	yqiL(3)	8
ERR12511768	Tanzania	saureus	8	7/7	Complete_profile	arcC(3)	aroE(3)	glpF(1)	gmk(1)	pta(4)	tpi(4)	yqiL(3)	8
ERR12511772	Tanzania	saureus	8	7/7	Complete_profile	arcC(3)	aroE(3)	glpF(1)	gmk(1)	pta(4)	tpi(4)	yqiL(3)	8
ERR12511779	Tanzania	saureus	8	7/7	Complete_profile	arcC(3)	aroE(3)	glpF(1)	gmk(1)	pta(4)	tpi(4)	yqiL(3)	8
ERR12511782	Tanzania	saureus	8	7/7	Complete_profile	arcC(3)	aroE(3)	glpF(1)	gmk(1)	pta(4)	tpi(4)	yqiL(3)	8
ERR12511786	Tanzania	saureus	8	7/7	Complete_profile	arcC(3)	aroE(3)	glpF(1)	gmk(1)	pta(4)	tpi(4)	yqiL(3)	8
ERR12511787	Tanzania	saureus	8	7/7	Complete_profile	arcC(3)	aroE(3)	glpF(1)	gmk(1)	pta(4)	tpi(4)	yqiL(3)	8
ERR12511790	Tanzania	saureus	8	7/7	Complete_profile	arcC(3)	aroE(3)	glpF(1)	gmk(1)	pta(4)	tpi(4)	yqiL(3)	8
ERR12511792	Tanzania	saureus	8	7/7	Complete_profile	arcC(3)	aroE(3)	glpF(1)	gmk(1)	pta(4)	tpi(4)	yqiL(3)	8
ERR12511793	Tanzania	saureus	8	7/7	Complete_profile	arcC(3)	aroE(3)	glpF(1)	gmk(1)	pta(4)	tpi(4)	yqiL(3)	8
ERR12511821	Tanzania	saureus	8	7/7	Complete_profile	arcC(3)	aroE(3)	glpF(1)	gmk(1)	pta(4)	tpi(4)	yqiL(3)	8
ERR12511826	Tanzania	saureus	8	7/7	Complete_profile	arcC(3)	aroE(3)	glpF(1)	gmk(1)	pta(4)	tpi(4)	yqiL(3)	8
ERR12511830	Tanzania	saureus	8	7/7	Complete_profile	arcC(3)	aroE(3)	glpF(1)	gmk(1)	pta(4)	tpi(4)	yqiL(3)	8
ERR12511836	Tanzania	saureus	8	7/7	Complete_profile	arcC(3)	aroE(3)	glpF(1)	gmk(1)	pta(4)	tpi(4)	yqiL(3)	8
ERR12511838	Tanzania	saureus	8	7/7	Complete_profile	arcC(3)	aroE(3)	glpF(1)	gmk(1)	pta(4)	tpi(4)	yqiL(3)	8
ERR12511840	Tanzania	saureus	8	7/7	Complete_profile	arcC(3)	aroE(3)	glpF(1)	gmk(1)	pta(4)	tpi(4)	yqiL(3)	8
ERR12511842	Tanzania	saureus	8	7/7	Complete_profile	arcC(3)	aroE(3)	glpF(1)	gmk(1)	pta(4)	tpi(4)	yqiL(3)	8
ERR12511845	Tanzania	saureus	8	7/7	Complete_profile	arcC(3)	aroE(3)	glpF(1)	gmk(1)	pta(4)	tpi(4)	yqiL(3)	8
ERR12916291	Tanzania	saureus	8	7/7	Complete_profile	arcC(3)	aroE(3)	glpF(1)	gmk(1)	pta(4)	tpi(4)	yqiL(3)	8
ERR12916292	Tanzania	saureus	8	7/7	Complete_profile	arcC(3)	aroE(3)	glpF(1)	gmk(1)	pta(4)	tpi(4)	yqiL(3)	8
ERR12916295	Tanzania	saureus	8	7/7	Complete_profile	arcC(3)	aroE(3)	glpF(1)	gmk(1)	pta(4)	tpi(4)	yqiL(3)	8
ERR12916298	Tanzania	saureus	8	7/7	Complete_profile	arcC(3)	aroE(3)	glpF(1)	gmk(1)	pta(4)	tpi(4)	yqiL(3)	8
ERR12916299	Tanzania	saureus	8	7/7	Complete_profile	arcC(3)	aroE(3)	glpF(1)	gmk(1)	pta(4)	tpi(4)	yqiL(3)	8
ERR12511708	Tanzania	saureus	80	7/7	Complete_profile	arcC(1)	aroE(3)	glpF(1)	gmk(14)	pta(11)	tpi(51)	yqiL(10)	80
ERR12511687	Tanzania	saureus	88	7/7	Complete_profile	arcC(22)	aroE(1)	glpF(14)	gmk(23)	pta(12)	tpi(4)	yqiL(31)	88
ERR12511693	Tanzania	saureus	88	7/7	Complete_profile	arcC(22)	aroE(1)	glpF(14)	gmk(23)	pta(12)	tpi(4)	yqiL(31)	88
ERR12511815	Tanzania	saureus	88	7/7	Complete_profile	arcC(22)	aroE(1)	glpF(14)	gmk(23)	pta(12)	tpi(4)	yqiL(31)	88
ERR12511820	Tanzania	saureus	88	7/7	Complete_profile	arcC(22)	aroE(1)	glpF(14)	gmk(23)	pta(12)	tpi(4)	yqiL(31)	88
ERR12511823	Tanzania	saureus	88	7/7	Complete_profile	arcC(22)	aroE(1)	glpF(14)	gmk(23)	pta(12)	tpi(4)	yqiL(31)	88
ERR12511837	Tanzania	saureus	88	7/7	Complete_profile	arcC(22)	aroE(1)	glpF(14)	gmk(23)	pta(12)	tpi(4)	yqiL(31)	88
ERR12511847	Tanzania	saureus	88	7/7	Complete_profile	arcC(22)	aroE(1)	glpF(14)	gmk(23)	pta(12)	tpi(4)	yqiL(31)	88
ERR12511694	Tanzania	saureus	Unknown	7/7	No_ST_assigned	arcC(46)	aroE(75)	glpF(49)	gmk(44)	pta(13)	tpi(68)	yqiL(60)	-
ERR12511713	Tanzania	saureus	Unknown	7/7	No_ST_assigned	arcC(1)	aroE(372)	glpF(1)	gmk(8)	pta(355)	tpi(4)	yqiL(3)	-
ERR12511759	Tanzania	saureus	Unknown	7/7	No_ST_assigned	arcC(12)	aroE(4)	glpF(880)	gmk(4)	pta(12)	tpi(1)	yqiL(3)	-
ERR12511763	Tanzania	saureus	Unknown	7/7	No_ST_assigned	arcC(1)	aroE(4)	glpF(966)	gmk(8)	pta(4)	tpi(4)	yqiL(3)	-
ERR4692239	Uganda	saureus	152	7/7	Complete_profile	arcC(46)	aroE(75)	glpF(49)	gmk(44)	pta(13)	tpi(68)	yqiL(60)	152
ERR4692245	Uganda	saureus	152	7/7	Complete_profile	arcC(46)	aroE(75)	glpF(49)	gmk(44)	pta(13)	tpi(68)	yqiL(60)	152
ERR4692246	Uganda	saureus	152	7/7	Complete_profile	arcC(46)	aroE(75)	glpF(49)	gmk(44)	pta(13)	tpi(68)	yqiL(60)	152
ERR4692262	Uganda	saureus	152	7/7	Complete_profile	arcC(46)	aroE(75)	glpF(49)	gmk(44)	pta(13)	tpi(68)	yqiL(60)	152
ERR4692264	Uganda	saureus	152	7/7	Complete_profile	arcC(46)	aroE(75)	glpF(49)	gmk(44)	pta(13)	tpi(68)	yqiL(60)	152
ERR4692266	Uganda	saureus	152	7/7	Complete_profile	arcC(46)	aroE(75)	glpF(49)	gmk(44)	pta(13)	tpi(68)	yqiL(60)	152
SRR31799955	Uganda	saureus	152	7/7	Complete_profile	arcC(46)	aroE(75)	glpF(49)	gmk(44)	pta(13)	tpi(68)	yqiL(60)	152
SRR31799977	Uganda	saureus	152	7/7	Complete_profile	arcC(46)	aroE(75)	glpF(49)	gmk(44)	pta(13)	tpi(68)	yqiL(60)	152
SRR31800042	Uganda	saureus	152	7/7	Complete_profile	arcC(46)	aroE(75)	glpF(49)	gmk(44)	pta(13)	tpi(68)	yqiL(60)	152
SRR31800733	Uganda	saureus	152	7/7	Complete_profile	arcC(46)	aroE(75)	glpF(49)	gmk(44)	pta(13)	tpi(68)	yqiL(60)	152
ERR4692241	Uganda	saureus	1633	7/7	Complete_profile	arcC(46)	aroE(75)	glpF(212)	gmk(44)	pta(13)	tpi(68)	yqiL(60)	1633
ERR4692267	Uganda	saureus	1633	7/7	Complete_profile	arcC(46)	aroE(75)	glpF(212)	gmk(44)	pta(13)	tpi(68)	yqiL(60)	1633
ERR4692240	Uganda	saureus	2178	7/7	Complete_profile	arcC(2)	aroE(2)	glpF(2)	gmk(167)	pta(6)	tpi(3)	yqiL(2)	2178
ERR4692257	Uganda	saureus	5	7/7	Complete_profile	arcC(1)	aroE(4)	glpF(1)	gmk(4)	pta(12)	tpi(1)	yqiL(10)	5
ERR4692259	Uganda	saureus	7635	7/7	Unusual_allele(s):_glpF	arcC(2)	aroE(3)	glpF(936)	gmk(1)	pta(4)	tpi(4)	yqiL(30)	7635
SRR31799973	Uganda	saureus	789	7/7	Complete_profile	arcC(3)	aroE(4)	glpF(1)	gmk(4)	pta(4)	tpi(6)	yqiL(3)	789
ERR4692269	Uganda	saureus	8	7/7	Complete_profile	arcC(3)	aroE(3)	glpF(1)	gmk(1)	pta(4)	tpi(4)	yqiL(3)	8
ERR4692260	Uganda	saureus	Unknown	7/7	No_ST_assigned	arcC(46)	aroE(75)	glpF(49)	gmk(44)	pta(13)	tpi(68)	yqiL(60)	-
