#FILE	NUM_FOUND	ant(9)-Ia	aph(2'')-Ih	aph(3')-IIIa	blaI_of_Z	blaPC1	blaR1	blaR1-2	blaZ	catA7	dfrC	dfrG	erm(A)	erm(C)	fosB-Saur	mecA	mecI_of_mecA	mecR1	mph(C)	msr(A)	mupA	sat4	str	tet(38)	tet(K)	tet(M)	vga(A)
prokka_results/ERR12511686_prokka/ERR12511686.gbk	10	.	89.15	.	100.00	.	100.00	.	100.00	.	100.00	100.00	.	.	100.00	100.00	.	.	.	.	.	.	.	100.00	100.00	.	.
prokka_results/ERR12511687_prokka/ERR12511687.gbk	5	.	.	.	100.00	.	100.00	.	100.00	.	.	100.00	.	.	.	.	.	.	.	.	.	.	.	100.00	.	.	.
prokka_results/ERR12511688_prokka/ERR12511688.gbk	7	.	.	.	100.00	.	100.00	.	100.00	.	.	100.00	.	.	100.00	.	.	.	.	.	.	.	.	100.00	100.00	.	.
prokka_results/ERR12511689_prokka/ERR12511689.gbk	12	.	89.15	.	100.00	.	100.00	.	100.00	100.00	100.00	100.00	.	100.00	100.00	100.00	.	.	.	.	.	.	.	.	100.00	100.00	.
prokka_results/ERR12511691_prokka/ERR12511691.gbk	7	.	.	.	100.00	.	100.00	.	100.00	.	.	100.00	.	100.00	.	.	.	.	.	.	.	.	.	100.00	100.00	.	.
prokka_results/ERR12511692_prokka/ERR12511692.gbk	6	.	.	.	100.00	.	100.00	.	100.00	.	.	100.00	.	100.00	.	.	.	.	.	.	.	.	.	100.00	.	.	.
prokka_results/ERR12511693_prokka/ERR12511693.gbk	6	.	.	.	100.00	.	100.00	.	100.00	.	100.00	.	.	.	.	100.00	.	.	.	.	.	.	.	100.00	.	.	.
prokka_results/ERR12511694_prokka/ERR12511694.gbk	4	.	.	.	100.00	.	100.00	.	100.00	.	.	.	.	.	.	.	.	.	.	.	.	.	.	100.00	.	.	.
prokka_results/ERR12511696_prokka/ERR12511696.gbk	10	.	89.15	.	100.00	.	100.00	.	100.00	.	100.00	100.00	.	100.00	100.00	100.00	.	.	.	.	.	.	.	100.00	.	.	.
prokka_results/ERR12511698_prokka/ERR12511698.gbk	5	.	.	.	100.00	.	100.00	.	100.00	.	.	100.00	.	.	.	.	.	.	.	.	.	.	.	100.00	.	.	.
prokka_results/ERR12511699_prokka/ERR12511699.gbk	6	.	.	.	100.00	.	100.00	.	100.00	.	.	100.00	.	.	100.00	.	.	.	.	.	.	.	.	100.00	.	.	.
prokka_results/ERR12511700_prokka/ERR12511700.gbk	11	.	89.15	.	100.00	.	100.00	.	100.00	.	100.00	100.00	.	100.00	100.00	100.00	.	.	.	.	.	.	100.00	100.00	.	.	.
prokka_results/ERR12511701_prokka/ERR12511701.gbk	10	.	89.15	.	100.00	.	100.00	.	100.00	.	100.00	100.00	.	100.00	100.00	100.00	.	.	.	.	.	.	.	100.00	.	.	.
prokka_results/ERR12511702_prokka/ERR12511702.gbk	2	.	.	.	.	.	.	.	.	.	.	100.00	.	.	.	.	.	.	.	.	.	.	.	100.00	.	.	.
prokka_results/ERR12511703_prokka/ERR12511703.gbk	4	.	.	.	100.00	.	100.00	.	100.00	.	.	.	.	.	.	.	.	.	.	.	.	.	.	100.00	.	.	.
prokka_results/ERR12511704_prokka/ERR12511704.gbk	11	.	89.15	.	100.00	.	100.00	.	100.00	.	100.00	100.00	.	100.00	100.00	100.00	.	.	.	.	.	.	.	100.00	100.00	.	.
prokka_results/ERR12511705_prokka/ERR12511705.gbk	10	.	89.15	.	100.00	.	100.00	.	100.00	.	100.00	100.00	.	.	100.00	100.00	.	.	.	.	.	.	.	100.00	100.00	.	.
prokka_results/ERR12511707_prokka/ERR12511707.gbk	11	.	89.15	.	100.00;100.00	.	89.53;83.33	.	.	.	100.00	100.00	.	100.00	100.00	100.00	.	.	.	100.00	.	.	.	100.00	100.00	.	.
prokka_results/ERR12511708_prokka/ERR12511708.gbk	5	.	.	.	100.00	.	100.00	.	100.00	.	.	.	.	100.00	.	.	.	.	.	.	.	.	.	100.00	.	.	.
prokka_results/ERR12511709_prokka/ERR12511709.gbk	6	.	.	.	100.00	.	100.00	.	100.00	.	.	100.00	.	100.00	.	.	.	.	.	.	.	.	.	100.00	.	.	.
prokka_results/ERR12511710_prokka/ERR12511710.gbk	6	.	.	.	100.00	.	100.00	.	100.00	.	.	100.00	.	100.00	.	.	.	.	.	.	.	.	.	100.00	.	.	.
prokka_results/ERR12511711_prokka/ERR12511711.gbk	5	.	.	.	100.00	100.00	100.00	.	.	.	.	.	.	100.00	.	.	.	.	.	.	.	.	.	100.00	.	.	.
prokka_results/ERR12511712_prokka/ERR12511712.gbk	10	.	89.15	.	100.00	.	100.00	.	100.00	.	100.00	100.00	.	100.00	100.00	100.00	.	.	.	.	.	.	.	100.00	.	.	.
prokka_results/ERR12511713_prokka/ERR12511713.gbk	6	.	.	.	100.00	.	100.00	.	100.00	.	.	100.00	.	.	100.00	.	.	.	.	.	.	.	.	100.00	.	.	.
prokka_results/ERR12511714_prokka/ERR12511714.gbk	5	.	.	.	100.00	.	100.00	.	100.00	.	.	100.00	.	.	.	.	.	.	.	.	.	.	.	100.00	.	.	.
prokka_results/ERR12511715_prokka/ERR12511715.gbk	5	.	.	.	100.00	.	100.00	.	100.00	.	.	100.00	.	.	.	.	.	.	.	.	.	.	.	100.00	.	.	.
prokka_results/ERR12511716_prokka/ERR12511716.gbk	6	.	.	.	100.00	.	100.00	.	100.00	.	.	100.00	.	.	100.00	.	.	.	.	.	.	.	.	100.00	.	.	.
prokka_results/ERR12511718_prokka/ERR12511718.gbk	5	.	.	.	100.00	.	100.00	.	100.00	.	.	100.00	.	.	.	.	.	.	.	.	.	.	.	100.00	.	.	.
prokka_results/ERR12511719_prokka/ERR12511719.gbk	6	.	.	.	100.00	.	100.00	.	100.00	.	.	100.00	.	94.56	.	.	.	.	.	.	.	.	.	100.00	.	.	.
prokka_results/ERR12511720_prokka/ERR12511720.gbk	10	.	89.15	.	100.00	.	100.00	.	100.00	.	100.00	100.00	.	.	100.00	100.00	.	.	.	.	.	.	.	100.00	100.00	.	.
prokka_results/ERR12511721_prokka/ERR12511721.gbk	7	.	.	.	100.00	.	100.00	.	100.00	.	.	100.00	.	100.00	100.00	.	.	.	.	.	.	.	.	100.00	.	.	.
prokka_results/ERR12511723_prokka/ERR12511723.gbk	10	.	89.15	.	100.00	.	100.00	.	100.00	.	100.00	100.00	.	100.00	100.00	100.00	.	.	.	.	.	.	.	100.00	.	.	.
prokka_results/ERR12511724_prokka/ERR12511724.gbk	11	.	89.15	.	100.00	.	100.00	.	100.00	.	100.00	100.00	.	100.00	100.00	100.00	.	.	.	.	.	.	.	100.00	100.00	.	.
prokka_results/ERR12511725_prokka/ERR12511725.gbk	7	.	.	.	100.00	.	100.00	.	100.00	.	.	100.00	.	100.00	.	.	.	.	.	.	.	.	.	100.00	100.00	.	.
prokka_results/ERR12511726_prokka/ERR12511726.gbk	10	.	89.15	.	100.00	.	100.00	.	100.00	.	100.00	100.00	.	100.00	100.00	100.00	.	.	.	.	.	.	.	100.00	.	.	.
prokka_results/ERR12511727_prokka/ERR12511727.gbk	10	.	89.15	.	100.00	.	100.00	.	100.00	.	100.00	100.00	.	100.00	100.00	100.00	.	.	.	.	.	.	.	100.00	.	.	.
prokka_results/ERR12511729_prokka/ERR12511729.gbk	5	.	.	.	100.00	.	100.00	.	100.00	.	.	100.00	.	.	.	.	.	.	.	.	.	.	.	100.00	.	.	.
prokka_results/ERR12511730_prokka/ERR12511730.gbk	5	.	.	.	100.00	.	100.00	.	100.00	.	.	100.00	.	.	.	.	.	.	.	.	.	.	.	100.00	.	.	.
prokka_results/ERR12511731_prokka/ERR12511731.gbk	10	.	89.15	.	100.00	.	100.00	.	100.00	.	100.00	100.00	.	98.10	100.00	100.00	.	.	.	.	.	.	.	100.00	.	.	.
prokka_results/ERR12511732_prokka/ERR12511732.gbk	4	.	.	.	100.00	.	100.00	.	100.00	.	.	.	.	.	.	.	.	.	.	.	.	.	.	100.00	.	.	.
prokka_results/ERR12511733_prokka/ERR12511733.gbk	10	.	89.15	.	100.00	.	100.00	.	100.00	.	100.00	100.00	.	100.00	100.00	100.00	.	.	.	.	.	.	.	100.00	.	.	.
prokka_results/ERR12511734_prokka/ERR12511734.gbk	11	.	89.15	.	100.00	.	100.00	.	100.00	.	100.00	100.00	.	100.00	100.00	100.00	.	.	.	.	.	.	.	100.00	100.00	.	.
prokka_results/ERR12511736_prokka/ERR12511736.gbk	11	.	89.15	.	100.00	.	100.00	.	100.00	.	100.00	100.00	.	100.00	100.00	100.00	.	.	.	.	.	.	.	100.00	100.00	.	.
prokka_results/ERR12511738_prokka/ERR12511738.gbk	9	.	89.15	.	100.00	.	100.00	.	100.00	.	100.00	100.00	.	.	100.00	100.00	.	.	.	.	.	.	.	100.00	.	.	.
prokka_results/ERR12511739_prokka/ERR12511739.gbk	5	.	.	.	100.00	.	100.00	.	100.00	.	.	100.00	.	.	.	.	.	.	.	.	.	.	.	100.00	.	.	.
prokka_results/ERR12511740_prokka/ERR12511740.gbk	11	.	89.15	.	100.00	.	100.00	.	100.00	.	100.00	100.00	.	100.00	100.00	100.00	.	.	.	.	.	.	.	100.00	100.00	.	.
prokka_results/ERR12511743_prokka/ERR12511743.gbk	5	.	89.15	.	.	.	.	.	.	.	.	100.00	.	.	100.00	100.00	.	.	.	.	.	.	.	100.00	.	.	.
prokka_results/ERR12511745_prokka/ERR12511745.gbk	10	.	89.15	.	100.00	.	100.00	.	100.00	.	100.00	100.00	.	100.00	100.00	100.00	.	.	.	.	.	.	.	100.00	.	.	.
prokka_results/ERR12511747_prokka/ERR12511747.gbk	8	.	89.15	.	100.00	.	100.00	.	100.00	.	.	100.00	.	100.00	.	100.00	.	.	.	.	.	.	.	100.00	.	.	.
prokka_results/ERR12511749_prokka/ERR12511749.gbk	5	.	.	.	100.00	.	100.00	.	100.00	.	.	100.00	.	.	.	.	.	.	.	.	.	.	.	100.00	.	.	.
prokka_results/ERR12511751_prokka/ERR12511751.gbk	9	.	89.15	.	100.00	.	100.00	.	100.00	.	100.00	100.00	.	.	100.00	100.00	.	.	.	.	.	.	.	100.00	.	.	.
prokka_results/ERR12511752_prokka/ERR12511752.gbk	9	.	89.15	.	100.00	.	100.00	.	100.00	.	100.00	100.00	.	.	100.00	100.00	.	.	.	.	.	.	.	100.00	.	.	.
prokka_results/ERR12511753_prokka/ERR12511753.gbk	5	.	.	.	100.00	.	100.00	.	100.00	.	.	100.00	.	.	.	.	.	.	.	.	.	.	.	100.00	.	.	.
prokka_results/ERR12511755_prokka/ERR12511755.gbk	11	.	89.15	.	100.00	.	100.00	.	100.00	.	100.00	100.00	.	100.00	100.00	100.00	.	.	.	.	.	.	.	100.00	100.00	.	.
prokka_results/ERR12511756_prokka/ERR12511756.gbk	5	.	.	.	100.00	100.00	100.00	.	.	.	.	.	.	.	.	.	.	.	.	.	.	.	.	100.00	100.00	.	.
prokka_results/ERR12511757_prokka/ERR12511757.gbk	11	.	89.15	.	100.00	.	100.00	.	100.00	.	100.00	100.00	.	100.00	100.00	100.00	.	.	.	.	.	.	.	100.00	100.00	.	.
prokka_results/ERR12511758_prokka/ERR12511758.gbk	10	.	89.15	.	100.00	.	100.00	.	100.00	.	100.00	100.00	.	.	100.00	100.00	.	.	.	.	.	.	.	100.00	100.00	.	.
prokka_results/ERR12511759_prokka/ERR12511759.gbk	5	.	.	.	100.00	.	100.00	.	100.00	.	.	.	.	.	99.76	.	.	.	.	.	.	.	.	100.00	.	.	.
prokka_results/ERR12511760_prokka/ERR12511760.gbk	9	.	89.15	.	100.00	.	100.00	.	100.00	.	100.00	100.00	.	.	100.00	100.00	.	.	.	.	.	.	.	100.00	.	.	.
prokka_results/ERR12511761_prokka/ERR12511761.gbk	10	.	89.15	.	100.00	.	100.00	.	100.00	.	100.00	100.00	.	100.00	100.00	100.00	.	.	.	.	.	.	.	100.00	.	.	.
prokka_results/ERR12511762_prokka/ERR12511762.gbk	5	.	.	.	100.00	.	100.00	.	100.00	.	.	100.00	.	.	.	.	.	.	.	.	.	.	.	100.00	.	.	.
prokka_results/ERR12511763_prokka/ERR12511763.gbk	7	.	.	.	100.00	.	100.00	.	100.00	.	.	.	.	100.00	100.00	100.00	.	.	.	.	.	.	.	100.00	.	.	.
prokka_results/ERR12511764_prokka/ERR12511764.gbk	5	.	.	.	100.00	.	100.00	.	100.00	.	.	.	.	.	100.00	.	.	.	.	.	.	.	.	100.00	.	.	.
prokka_results/ERR12511766_prokka/ERR12511766.gbk	11	.	89.15	.	100.00	.	100.00	.	100.00	.	100.00	100.00	.	100.00	100.00	100.00	.	.	.	.	.	.	.	100.00	100.00	.	.
prokka_results/ERR12511768_prokka/ERR12511768.gbk	10	.	89.15	.	100.00	.	100.00	.	100.00	.	100.00	100.00	.	.	100.00	100.00	.	.	.	.	.	.	.	100.00	100.00	.	.
prokka_results/ERR12511769_prokka/ERR12511769.gbk	5	.	.	.	100.00	.	100.00	.	100.00	.	.	100.00	.	.	.	.	.	.	.	.	.	.	.	100.00	.	.	.
prokka_results/ERR12511772_prokka/ERR12511772.gbk	9	.	89.15	.	100.00	.	100.00	.	100.00	.	100.00	100.00	.	.	100.00	100.00	.	.	.	.	.	.	.	100.00	.	.	.
prokka_results/ERR12511773_prokka/ERR12511773.gbk	5	.	.	.	100.00	.	100.00	.	100.00	.	.	100.00	.	.	.	.	.	.	.	.	.	.	.	100.00	.	.	.
prokka_results/ERR12511774_prokka/ERR12511774.gbk	5	.	.	.	100.00	.	100.00	.	100.00	.	.	.	.	.	100.00	.	.	.	.	.	.	.	.	100.00	.	.	.
prokka_results/ERR12511775_prokka/ERR12511775.gbk	5	.	.	.	100.00	.	100.00	.	100.00	.	.	.	.	.	100.00	.	.	.	.	.	.	.	.	100.00	.	.	.
prokka_results/ERR12511779_prokka/ERR12511779.gbk	10	.	89.15	.	100.00	.	100.00	.	100.00	.	100.00	100.00	.	100.00	100.00	100.00	.	.	.	.	.	.	.	100.00	.	.	.
prokka_results/ERR12511780_prokka/ERR12511780.gbk	6	.	.	.	100.00	.	100.00	.	100.00	.	.	.	.	.	100.00	.	.	.	.	.	.	.	100.00	100.00	.	.	.
prokka_results/ERR12511781_prokka/ERR12511781.gbk	6	.	.	.	100.00	.	100.00	.	100.00	.	.	100.00	.	100.00	.	.	.	.	.	.	.	.	.	100.00	.	.	.
prokka_results/ERR12511782_prokka/ERR12511782.gbk	10	.	89.15	.	100.00	.	100.00	.	100.00	.	100.00	100.00	.	100.00	100.00	100.00	.	.	.	.	.	.	.	100.00	.	.	.
prokka_results/ERR12511783_prokka/ERR12511783.gbk	5	.	.	.	100.00	.	100.00	.	100.00	.	.	100.00	.	.	.	.	.	.	.	.	.	.	.	100.00	.	.	.
prokka_results/ERR12511784_prokka/ERR12511784.gbk	5	.	.	.	100.00	.	100.00	.	100.00	.	.	100.00	.	.	.	.	.	.	.	.	.	.	.	100.00	.	.	.
prokka_results/ERR12511786_prokka/ERR12511786.gbk	10	.	89.15	.	100.00	.	100.00	.	100.00	.	100.00	100.00	.	100.00	100.00	100.00	.	.	.	.	.	.	.	100.00	.	.	.
prokka_results/ERR12511787_prokka/ERR12511787.gbk	10	.	89.15	.	100.00	.	100.00	.	100.00	.	100.00	100.00	.	100.00	100.00	100.00	.	.	.	.	.	.	.	100.00	.	.	.
prokka_results/ERR12511790_prokka/ERR12511790.gbk	10	.	89.15	.	100.00	.	100.00	.	100.00	.	100.00	100.00	.	100.00	100.00	100.00	.	.	.	.	.	.	.	100.00	.	.	.
prokka_results/ERR12511791_prokka/ERR12511791.gbk	6	.	.	.	100.00	.	100.00	.	100.00	.	.	.	.	100.00	.	.	.	.	.	.	.	.	.	100.00	100.00	.	.
prokka_results/ERR12511792_prokka/ERR12511792.gbk	10	.	89.15	.	100.00	.	100.00	.	100.00	.	100.00	100.00	.	100.00	100.00	100.00	.	.	.	.	.	.	.	100.00	.	.	.
prokka_results/ERR12511793_prokka/ERR12511793.gbk	11	.	89.15	.	100.00	.	100.00	.	100.00	.	100.00	100.00	.	100.00	100.00	100.00	.	.	.	.	.	.	.	100.00	100.00	.	.
prokka_results/ERR12511794_prokka/ERR12511794.gbk	10	.	89.15	100.00	100.00	.	100.00	.	100.00	.	.	100.00	.	.	.	100.00	.	.	.	.	.	100.00	.	100.00	100.00	.	.
prokka_results/ERR12511798_prokka/ERR12511798.gbk	5	.	.	.	100.00	.	100.00	.	100.00	.	.	100.00	.	.	.	.	.	.	.	.	.	.	.	100.00	.	.	.
prokka_results/ERR12511802_prokka/ERR12511802.gbk	4	.	.	.	100.00	.	100.00	.	100.00	.	.	.	.	.	.	.	.	.	.	.	.	.	.	100.00	.	.	.
prokka_results/ERR12511805_prokka/ERR12511805.gbk	6	.	.	.	100.00	.	100.00	.	100.00	.	.	100.00	.	.	.	.	.	.	.	.	.	.	.	100.00	100.00	.	.
prokka_results/ERR12511811_prokka/ERR12511811.gbk	7	.	.	.	100.00	.	100.00	.	100.00	.	.	100.00	.	100.00	.	.	.	.	.	.	.	.	.	100.00	100.00	.	.
prokka_results/ERR12511814_prokka/ERR12511814.gbk	5	.	.	.	100.00	.	100.00	.	100.00	.	.	.	.	.	100.00	.	.	.	.	.	.	.	.	100.00	.	.	.
prokka_results/ERR12511815_prokka/ERR12511815.gbk	5	.	.	.	100.00	.	100.00	.	100.00	.	.	100.00	.	.	.	.	.	.	.	.	.	.	.	100.00	.	.	.
prokka_results/ERR12511816_prokka/ERR12511816.gbk	5	.	.	.	100.00	.	100.00	.	100.00	.	.	.	.	.	100.00	.	.	.	.	.	.	.	.	100.00	.	.	.
prokka_results/ERR12511817_prokka/ERR12511817.gbk	2	.	.	.	.	.	.	.	.	.	.	.	.	.	100.00	.	.	.	.	.	.	.	.	100.00	.	.	.
prokka_results/ERR12511819_prokka/ERR12511819.gbk	7	.	.	.	100.00	.	100.00	.	100.00	.	.	100.00	.	.	100.00	.	.	.	.	.	.	.	.	100.00	100.00	.	.
prokka_results/ERR12511820_prokka/ERR12511820.gbk	8	.	80.09	.	100.00	.	100.00	.	100.00	.	.	100.00	.	.	100.00	97.26	.	.	.	.	.	.	.	100.00	.	.	.
prokka_results/ERR12511821_prokka/ERR12511821.gbk	11	.	89.15	.	100.00	.	100.00	.	100.00	.	100.00	100.00	.	100.00	100.00	100.00	.	.	.	.	.	.	.	100.00	100.00	.	.
prokka_results/ERR12511823_prokka/ERR12511823.gbk	5	.	.	.	100.00	.	100.00	.	100.00	.	.	100.00	.	.	.	.	.	.	.	.	.	.	.	100.00	.	.	.
prokka_results/ERR12511824_prokka/ERR12511824.gbk	5	.	.	.	100.00	.	100.00	.	100.00	.	.	.	.	.	99.76	.	.	.	.	.	.	.	.	98.30	.	.	.
prokka_results/ERR12511826_prokka/ERR12511826.gbk	10	.	89.15	.	100.00	.	100.00	.	100.00	.	100.00	100.00	.	.	100.00	100.00	.	.	.	.	.	.	.	100.00	100.00	.	.
prokka_results/ERR12511827_prokka/ERR12511827.gbk	4	.	.	.	100.00	.	100.00	.	100.00	.	.	.	.	.	.	.	.	.	.	.	.	.	.	100.00	.	.	.
prokka_results/ERR12511828_prokka/ERR12511828.gbk	5	.	.	.	100.00	.	100.00	.	100.00	.	.	.	.	.	100.00	.	.	.	.	.	.	.	.	100.00	.	.	.
prokka_results/ERR12511829_prokka/ERR12511829.gbk	5	.	.	.	100.00	.	100.00	.	100.00	.	.	.	.	.	99.76	.	.	.	.	.	.	.	.	100.00	.	.	.
prokka_results/ERR12511830_prokka/ERR12511830.gbk	10	.	89.15	.	100.00	.	100.00	.	100.00	.	100.00	100.00	.	.	100.00	100.00	.	.	.	.	.	.	.	100.00	100.00	.	.
prokka_results/ERR12511832_prokka/ERR12511832.gbk	7	.	.	.	100.00	.	100.00	.	100.00	.	.	100.00	.	.	100.00	.	.	.	.	100.00	.	.	.	100.00	.	.	.
prokka_results/ERR12511833_prokka/ERR12511833.gbk	4	.	.	.	100.00	.	100.00	.	100.00	.	.	.	.	.	.	.	.	.	.	.	.	.	.	100.00	.	.	.
prokka_results/ERR12511836_prokka/ERR12511836.gbk	10	.	89.15	.	100.00	.	100.00	.	100.00	.	100.00	100.00	.	.	100.00	100.00	.	.	.	.	.	.	.	100.00	100.00	.	.
prokka_results/ERR12511837_prokka/ERR12511837.gbk	5	.	.	.	100.00	.	100.00	.	100.00	.	.	100.00	.	.	.	.	.	.	.	.	.	.	.	100.00	.	.	.
prokka_results/ERR12511838_prokka/ERR12511838.gbk	10	.	89.15	.	100.00	.	100.00	.	100.00	.	100.00	100.00	.	.	100.00	100.00	.	.	.	.	.	.	.	100.00	100.00	.	.
prokka_results/ERR12511839_prokka/ERR12511839.gbk	5	.	.	.	100.00	.	100.00	.	100.00	.	.	.	.	.	.	.	.	.	.	.	.	.	.	100.00	100.00	.	.
prokka_results/ERR12511840_prokka/ERR12511840.gbk	8	.	89.15	.	100.00	.	.	.	.	.	100.00	100.00	.	.	100.00	100.00	.	.	.	.	.	.	.	100.00	100.00	.	.
prokka_results/ERR12511842_prokka/ERR12511842.gbk	9	.	89.15	.	100.00;100.00	.	100.00;100.00	.	.	.	100.00	100.00	.	.	100.00	100.00	.	.	.	.	.	.	.	100.00	100.00	.	.
prokka_results/ERR12511843_prokka/ERR12511843.gbk	6	.	.	.	100.00	.	100.00	.	100.00	.	.	100.00	.	.	100.00	.	.	.	.	.	.	.	.	100.00	.	.	.
prokka_results/ERR12511845_prokka/ERR12511845.gbk	9	.	89.15	.	100.00	.	100.00	.	100.00	.	.	100.00	.	100.00	100.00	100.00	.	.	.	.	.	.	.	100.00	.	.	.
prokka_results/ERR12511847_prokka/ERR12511847.gbk	5	.	.	.	100.00	.	100.00	.	100.00	.	.	100.00	.	.	.	.	.	.	.	.	.	.	.	100.00	.	.	.
prokka_results/ERR12511848_prokka/ERR12511848.gbk	5	.	.	.	100.00	.	100.00	.	100.00	.	.	.	.	.	100.00	.	.	.	.	.	.	.	.	100.00	.	.	.
prokka_results/ERR12511850_prokka/ERR12511850.gbk	5	.	.	.	100.00	.	.	88.28	100.00	.	.	.	.	.	100.00	.	.	.	.	.	.	.	.	100.00	.	.	.
prokka_results/ERR12916291_prokka/ERR12916291.gbk	8	.	.	.	100.00	100.00	100.00	.	.	.	.	100.00	.	100.00	100.00	100.00	.	.	.	.	.	.	.	100.00	.	.	.
prokka_results/ERR12916292_prokka/ERR12916292.gbk	11	.	89.15	.	100.00	.	100.00	.	100.00	.	100.00	100.00	.	88.03	100.00	100.00	.	.	.	.	.	.	.	100.00	100.00	.	.
prokka_results/ERR12916293_prokka/ERR12916293.gbk	7	.	.	.	100.00	100.00	100.00	.	.	.	.	100.00	.	.	100.00	.	.	.	.	100.00	.	.	.	100.00	.	.	.
prokka_results/ERR12916294_prokka/ERR12916294.gbk	5	.	.	.	100.00	.	100.00	.	100.00	.	.	.	.	100.00	.	.	.	.	.	.	.	.	.	100.00	.	.	.
prokka_results/ERR12916295_prokka/ERR12916295.gbk	10	.	89.15	.	100.00	.	100.00	.	100.00	.	100.00	100.00	.	100.00	100.00	100.00	.	.	.	.	.	.	.	100.00	.	.	.
prokka_results/ERR12916296_prokka/ERR12916296.gbk	5	.	.	.	100.00	.	100.00	.	100.00	.	.	100.00	.	.	.	.	.	.	.	.	.	.	.	100.00	.	.	.
prokka_results/ERR12916297_prokka/ERR12916297.gbk	5	.	.	.	100.00	.	100.00	.	100.00	.	.	.	.	.	99.76	.	.	.	.	.	.	.	.	100.00	.	.	.
prokka_results/ERR12916298_prokka/ERR12916298.gbk	13	.	89.15	.	100.00	.	100.00	.	100.00	.	100.00	100.00	.	.	100.00	100.00	.	.	100.00	100.00	100.00	.	.	100.00	100.00	.	.
prokka_results/ERR12916299_prokka/ERR12916299.gbk	10	.	89.15	.	100.00	.	100.00	.	100.00	.	.	100.00	.	100.00	100.00	100.00	.	.	.	.	.	.	.	100.00	100.00	.	.
prokka_results/ERR12916300_prokka/ERR12916300.gbk	5	.	.	.	100.00	.	100.00	.	100.00	.	.	.	.	.	100.00	.	.	.	.	.	.	.	.	100.00	.	.	.
prokka_results/ERR1764887_prokka/ERR1764887.gbk	5	.	.	.	100.00	.	100.00	.	100.00	.	.	100.00	.	.	.	.	.	.	.	.	.	.	.	100.00	.	.	.
prokka_results/ERR1764889_prokka/ERR1764889.gbk	2	.	.	.	.	.	.	.	.	.	.	.	.	.	100.00	.	.	.	.	.	.	.	.	100.00	.	.	.
prokka_results/ERR1764890_prokka/ERR1764890.gbk	2	.	.	.	.	.	.	.	.	.	.	.	.	.	100.00	.	.	.	.	.	.	.	.	100.00	.	.	.
prokka_results/ERR1764892_prokka/ERR1764892.gbk	2	.	.	.	.	.	.	.	.	.	.	.	.	.	100.00	.	.	.	.	.	.	.	.	100.00	.	.	.
prokka_results/ERR1764893_prokka/ERR1764893.gbk	4	.	.	.	100.00	.	100.00	.	100.00	.	.	.	.	.	.	.	.	.	.	.	.	.	.	100.00	.	.	.
prokka_results/ERR1764895_prokka/ERR1764895.gbk	2	.	.	.	.	.	.	.	.	.	.	.	.	.	100.00	.	.	.	.	.	.	.	.	100.00	.	.	.
prokka_results/ERR1764896_prokka/ERR1764896.gbk	5	.	.	.	100.00	.	100.00	.	100.00	.	.	100.00	.	.	.	.	.	.	.	.	.	.	.	100.00	.	.	.
prokka_results/ERR1764897_prokka/ERR1764897.gbk	5	.	.	.	100.00	.	100.00	.	100.00	.	.	100.00	.	.	.	.	.	.	.	.	.	.	.	100.00	.	.	.
prokka_results/ERR1764898_prokka/ERR1764898.gbk	1	.	.	.	.	.	.	.	.	.	.	.	.	.	.	.	.	.	.	.	.	.	.	100.00	.	.	.
prokka_results/ERR1764899_prokka/ERR1764899.gbk	1	.	.	.	.	.	.	.	.	.	.	.	.	.	.	.	.	.	.	.	.	.	.	100.00	.	.	.
prokka_results/ERR1764901_prokka/ERR1764901.gbk	4	.	.	.	100.00	.	100.00	.	100.00	.	.	.	.	.	.	.	.	.	.	.	.	.	.	100.00	.	.	.
prokka_results/ERR1764903_prokka/ERR1764903.gbk	4	.	.	.	100.00	.	100.00	.	100.00	.	.	.	.	.	.	.	.	.	.	.	.	.	.	100.00	.	.	.
prokka_results/ERR1764904_prokka/ERR1764904.gbk	6	.	.	.	100.00	.	100.00	.	100.00	.	.	100.00	.	.	100.00	.	.	.	.	.	.	.	.	100.00	.	.	.
prokka_results/ERR1764905_prokka/ERR1764905.gbk	6	.	.	.	100.00	100.00	100.00	.	.	.	.	100.00	.	.	100.00	.	.	.	.	.	.	.	.	100.00	.	.	.
prokka_results/ERR1764906_prokka/ERR1764906.gbk	4	.	.	.	100.00	.	100.00	.	100.00	.	.	.	.	.	.	.	.	.	.	.	.	.	.	100.00	.	.	.
prokka_results/ERR1764907_prokka/ERR1764907.gbk	4	.	.	.	100.00	.	100.00	.	100.00	.	.	.	.	.	.	.	.	.	.	.	.	.	.	100.00	.	.	.
prokka_results/ERR1764908_prokka/ERR1764908.gbk	4	.	.	.	100.00	.	100.00	.	100.00	.	.	.	.	.	.	.	.	.	.	.	.	.	.	100.00	.	.	.
prokka_results/ERR1764909_prokka/ERR1764909.gbk	5	.	.	.	100.00	.	100.00	.	100.00	.	.	100.00	.	.	.	.	.	.	.	.	.	.	.	100.00	.	.	.
prokka_results/ERR1764910_prokka/ERR1764910.gbk	5	.	.	.	100.00	.	100.00	.	100.00	.	.	100.00	.	.	.	.	.	.	.	.	.	.	.	100.00	.	.	.
prokka_results/ERR1764911_prokka/ERR1764911.gbk	14	100.00	89.15	.	100.00	100.00	100.00	.	.	.	.	100.00	100.00	.	100.00	100.00	100.00	100.00	.	.	.	.	.	100.00	100.00	100.00	.
prokka_results/ERR1764912_prokka/ERR1764912.gbk	5	.	.	.	100.00	.	100.00	.	100.00	.	.	100.00	.	.	.	.	.	.	.	.	.	.	.	100.00	.	.	.
prokka_results/ERR1764915_prokka/ERR1764915.gbk	5	.	.	.	100.00	.	.	.	100.00	.	.	100.00	.	.	.	.	.	.	.	.	.	.	.	100.00	100.00	.	.
prokka_results/ERR1764916_prokka/ERR1764916.gbk	4	.	.	.	100.00	100.00	100.00	.	.	.	.	.	.	.	.	.	.	.	.	.	.	.	.	100.00	.	.	.
prokka_results/ERR1764917_prokka/ERR1764917.gbk	5	.	.	.	100.00	.	100.00	.	100.00	.	.	100.00	.	.	.	.	.	.	.	.	.	.	.	100.00	.	.	.
prokka_results/ERR1764918_prokka/ERR1764918.gbk	4	.	.	.	100.00	100.00	100.00	.	.	.	.	.	.	.	.	.	.	.	.	.	.	.	.	100.00	.	.	.
prokka_results/ERR1764919_prokka/ERR1764919.gbk	4	.	.	.	100.00	.	100.00	.	100.00	.	.	.	.	.	.	.	.	.	.	.	.	.	.	100.00	.	.	.
prokka_results/ERR1764920_prokka/ERR1764920.gbk	7	.	.	.	100.00	100.00	100.00	.	.	.	.	100.00	.	.	.	100.00	.	.	.	.	.	.	.	100.00	.	100.00	.
prokka_results/ERR1764921_prokka/ERR1764921.gbk	5	.	.	.	100.00	.	.	.	100.00	.	.	100.00	.	.	.	.	.	.	.	.	.	.	.	100.00	100.00	.	.
prokka_results/ERR1764922_prokka/ERR1764922.gbk	5	.	.	.	100.00	.	100.00	.	100.00	.	.	100.00	.	.	.	.	.	.	.	.	.	.	.	100.00	.	.	.
prokka_results/ERR1764923_prokka/ERR1764923.gbk	6	.	.	.	100.00	100.00	100.00	.	.	.	.	100.00	.	.	100.00	.	.	.	.	.	.	.	.	100.00	.	.	.
prokka_results/ERR1764924_prokka/ERR1764924.gbk	6	.	.	.	100.00	100.00	100.00	.	.	.	.	100.00	.	.	100.00	.	.	.	.	.	.	.	.	100.00	.	.	.
prokka_results/ERR1764925_prokka/ERR1764925.gbk	6	.	.	.	100.00	100.00	100.00	.	.	.	.	100.00	.	.	100.00	.	.	.	.	.	.	.	.	100.00	.	.	.
prokka_results/ERR1764926_prokka/ERR1764926.gbk	5	.	.	.	100.00	100.00	100.00	.	.	.	.	100.00	.	.	.	.	.	.	.	.	.	.	.	100.00	.	.	.
prokka_results/ERR1764927_prokka/ERR1764927.gbk	6	.	89.15	.	100.00	.	100.00	.	100.00	.	100.00	.	.	.	.	.	.	.	.	.	.	.	.	100.00	.	.	.
prokka_results/ERR1764928_prokka/ERR1764928.gbk	5	.	.	.	100.00	.	100.00	.	100.00	.	.	.	.	.	.	.	.	.	.	.	.	.	.	100.00	100.00	.	.
prokka_results/ERR1764929_prokka/ERR1764929.gbk	4	.	.	.	100.00	.	100.00	.	100.00	.	.	.	.	.	.	.	.	.	.	.	.	.	.	100.00	.	.	.
prokka_results/ERR1764930_prokka/ERR1764930.gbk	4	.	.	.	100.00	.	100.00	.	100.00	.	.	.	.	.	.	.	.	.	.	.	.	.	.	100.00	.	.	.
prokka_results/ERR1764931_prokka/ERR1764931.gbk	5	.	.	.	100.00	.	100.00	.	100.00	.	.	100.00	.	.	.	.	.	.	.	.	.	.	.	100.00	.	.	.
prokka_results/ERR1764932_prokka/ERR1764932.gbk	6	.	.	.	100.00	100.00	100.00	.	.	.	.	100.00	.	.	.	.	.	.	.	.	.	.	.	100.00	100.00	.	.
prokka_results/ERR1764933_prokka/ERR1764933.gbk	6	.	.	.	100.00	100.00	100.00	.	.	.	.	100.00	.	.	100.00	.	.	.	.	.	.	.	.	100.00	.	.	.
prokka_results/ERR1764934_prokka/ERR1764934.gbk	7	.	.	.	100.00	100.00	100.00	.	.	.	.	100.00	.	.	100.00	.	.	.	.	.	.	.	.	100.00	100.00	.	.
prokka_results/ERR1764935_prokka/ERR1764935.gbk	6	.	.	.	100.00	.	100.00	.	100.00	.	.	100.00	.	.	100.00	.	.	.	.	.	.	.	.	100.00	.	.	.
prokka_results/ERR1764936_prokka/ERR1764936.gbk	4	.	.	.	100.00	.	100.00	.	100.00	.	.	.	.	.	.	.	.	.	.	.	.	.	.	100.00	.	.	.
prokka_results/ERR1764937_prokka/ERR1764937.gbk	4	.	.	.	100.00	.	100.00	.	100.00	.	.	.	.	.	.	.	.	.	.	.	.	.	.	100.00	.	.	.
prokka_results/ERR1764938_prokka/ERR1764938.gbk	7	.	.	.	100.00	.	100.00	.	100.00	.	.	100.00	.	100.00	100.00	.	.	.	.	.	.	.	.	100.00	.	.	.
prokka_results/ERR1764939_prokka/ERR1764939.gbk	4	.	.	.	100.00	.	100.00	.	100.00	.	.	.	.	.	.	.	.	.	.	.	.	.	.	100.00	.	.	.
prokka_results/ERR1764940_prokka/ERR1764940.gbk	4	.	.	.	100.00	.	100.00	.	100.00	.	.	.	.	.	.	.	.	.	.	.	.	.	.	100.00	.	.	.
prokka_results/ERR1764941_prokka/ERR1764941.gbk	6	.	.	.	100.00	.	100.00	.	100.00	.	.	100.00	.	.	.	.	.	.	.	.	.	.	.	100.00	100.00	.	.
prokka_results/ERR1764942_prokka/ERR1764942.gbk	7	.	.	.	100.00	100.00	100.00	.	.	.	.	100.00	.	.	100.00	.	.	.	.	.	.	.	.	100.00	100.00	.	.
prokka_results/ERR1764943_prokka/ERR1764943.gbk	6	.	.	.	100.00	100.00	100.00	.	.	.	.	100.00	.	.	.	.	.	.	.	.	.	.	.	100.00	100.00	.	.
prokka_results/ERR1764944_prokka/ERR1764944.gbk	7	.	.	.	100.00	100.00	100.00	.	.	.	.	100.00	.	.	100.00	.	.	.	.	.	.	.	.	100.00	100.00	.	.
prokka_results/ERR1764945_prokka/ERR1764945.gbk	7	.	.	.	100.00	.	100.00	.	100.00	.	.	100.00	.	.	100.00	.	.	.	.	.	.	.	.	100.00	.	100.00	.
prokka_results/ERR1764946_prokka/ERR1764946.gbk	7	.	.	.	100.00	100.00	100.00	.	.	.	.	100.00	.	.	100.00	.	.	.	.	.	.	.	.	100.00	98.19	.	.
prokka_results/ERR1764947_prokka/ERR1764947.gbk	6	.	.	.	100.00	100.00	100.00	.	.	.	.	100.00	.	.	.	.	.	.	.	.	.	.	.	100.00	100.00	.	.
prokka_results/ERR1764948_prokka/ERR1764948.gbk	7	.	.	.	100.00	100.00	100.00	.	.	.	.	100.00	.	.	100.00	.	.	.	.	.	.	.	.	100.00	100.00	.	.
prokka_results/ERR1764949_prokka/ERR1764949.gbk	6	.	.	.	100.00	.	100.00	.	100.00	.	.	100.00	.	.	.	.	.	.	.	.	.	.	.	100.00	100.00	.	.
prokka_results/ERR1764950_prokka/ERR1764950.gbk	5	.	.	.	100.00	.	100.00	.	100.00	.	.	.	.	.	.	.	.	.	.	.	.	.	.	100.00	83.62	.	.
prokka_results/ERR1764951_prokka/ERR1764951.gbk	7	.	.	.	100.00	.	100.00	.	100.00	.	.	100.00	.	.	100.00	.	.	.	.	.	.	.	.	100.00	100.00	.	.
prokka_results/ERR1764952_prokka/ERR1764952.gbk	4	.	.	.	100.00	.	100.00	.	100.00	.	.	.	.	.	.	.	.	.	.	.	.	.	.	100.00	.	.	.
prokka_results/ERR1764953_prokka/ERR1764953.gbk	5	.	.	.	100.00	.	100.00	.	100.00	.	.	.	.	.	100.00	.	.	.	.	.	.	.	.	100.00	.	.	.
prokka_results/ERR1764954_prokka/ERR1764954.gbk	7	.	.	.	100.00	.	100.00	.	100.00	.	.	100.00	.	.	100.00	.	.	.	.	.	.	.	.	100.00	100.00	.	.
prokka_results/ERR1764955_prokka/ERR1764955.gbk	4	.	.	.	100.00	.	100.00	.	100.00	.	.	.	.	.	.	.	.	.	.	.	.	.	.	100.00	.	.	.
prokka_results/ERR1764956_prokka/ERR1764956.gbk	6	.	.	.	100.00	.	100.00	.	100.00	.	.	100.00	.	.	.	.	.	.	.	.	.	.	.	100.00	100.00	.	.
prokka_results/ERR1764957_prokka/ERR1764957.gbk	6	.	.	.	100.00	100.00	100.00	.	.	.	.	100.00	.	.	99.76	.	.	.	.	.	.	.	.	100.00	.	.	.
prokka_results/ERR1764958_prokka/ERR1764958.gbk	5	.	.	.	100.00	.	100.00	.	100.00	.	.	100.00	.	.	.	.	.	.	.	.	.	.	.	100.00	.	.	.
prokka_results/ERR1764959_prokka/ERR1764959.gbk	4	.	.	.	100.00	.	100.00	.	100.00	.	.	.	.	.	.	.	.	.	.	.	.	.	.	100.00	.	.	.
prokka_results/ERR1764960_prokka/ERR1764960.gbk	6	.	.	.	100.00	100.00	100.00	.	.	.	.	100.00	.	.	.	.	.	.	.	.	.	.	.	100.00	100.00	.	.
prokka_results/ERR1764961_prokka/ERR1764961.gbk	6	.	.	.	100.00	.	100.00	.	100.00	.	.	100.00	.	.	100.00	.	.	.	.	.	.	.	.	100.00	.	.	.
prokka_results/ERR1764962_prokka/ERR1764962.gbk	4	.	.	.	100.00	.	100.00	.	100.00	.	.	.	.	.	.	.	.	.	.	.	.	.	.	100.00	.	.	.
prokka_results/ERR1764963_prokka/ERR1764963.gbk	7	.	89.15	.	100.00	.	100.00	.	100.00	.	100.00	.	.	100.00	.	.	.	.	.	.	.	.	.	100.00	.	.	.
prokka_results/ERR1764964_prokka/ERR1764964.gbk	5	.	.	.	100.00	.	100.00	.	100.00	.	.	100.00	.	.	.	.	.	.	.	.	.	.	.	100.00	.	.	.
prokka_results/ERR1764965_prokka/ERR1764965.gbk	2	.	.	.	.	.	.	.	.	.	.	.	.	.	100.00	.	.	.	.	.	.	.	.	100.00	.	.	.
prokka_results/ERR1764967_prokka/ERR1764967.gbk	6	.	.	.	100.00	100.00	100.00	.	.	.	.	100.00	.	.	100.00	.	.	.	.	.	.	.	.	100.00	.	.	.
prokka_results/ERR1764968_prokka/ERR1764968.gbk	5	.	.	.	100.00	.	100.00	.	100.00	.	.	.	.	.	100.00	.	.	.	.	.	.	.	.	100.00	.	.	.
prokka_results/ERR1764969_prokka/ERR1764969.gbk	5	.	.	.	100.00	100.00	100.00	.	.	.	.	.	.	.	.	100.00	.	.	.	.	.	.	.	100.00	.	.	.
prokka_results/ERR1764970_prokka/ERR1764970.gbk	5	.	.	.	100.00	100.00	100.00	.	.	.	.	.	.	.	100.00	.	.	.	.	.	.	.	.	100.00	.	.	.
prokka_results/ERR1764971_prokka/ERR1764971.gbk	6	.	.	.	100.00	100.00	100.00	.	.	.	.	100.00	.	.	100.00	.	.	.	.	.	.	.	.	100.00	.	.	.
prokka_results/ERR1764972_prokka/ERR1764972.gbk	2	.	.	.	.	.	.	.	.	.	.	100.00	.	.	.	.	.	.	.	.	.	.	.	100.00	.	.	.
prokka_results/ERR1764973_prokka/ERR1764973.gbk	5	.	.	.	100.00	.	100.00	.	100.00	.	.	100.00	.	.	.	.	.	.	.	.	.	.	.	100.00	.	.	.
prokka_results/ERR1764974_prokka/ERR1764974.gbk	4	.	.	.	100.00	.	100.00	.	100.00	.	.	.	.	.	.	.	.	.	.	.	.	.	.	100.00	.	.	.
prokka_results/ERR1764975_prokka/ERR1764975.gbk	6	.	.	.	100.00	100.00	100.00	.	.	.	.	100.00	.	.	100.00	.	.	.	.	.	.	.	.	100.00	.	.	.
prokka_results/ERR1764976_prokka/ERR1764976.gbk	2	.	.	.	.	.	.	.	.	.	.	100.00	.	.	.	.	.	.	.	.	.	.	.	100.00	.	.	.
prokka_results/ERR1764977_prokka/ERR1764977.gbk	4	.	.	.	100.00	.	100.00	.	100.00	.	.	.	.	.	.	.	.	.	.	.	.	.	.	100.00	.	.	.
prokka_results/ERR1764978_prokka/ERR1764978.gbk	5	.	.	.	100.00	100.00	100.00	.	.	.	.	.	.	.	100.00	.	.	.	.	.	.	.	.	100.00	.	.	.
prokka_results/ERR1764979_prokka/ERR1764979.gbk	5	.	.	.	100.00	.	100.00	.	100.00	.	.	100.00	.	.	.	.	.	.	.	.	.	.	.	100.00	.	.	.
prokka_results/ERR1764980_prokka/ERR1764980.gbk	4	.	.	.	100.00	.	100.00	.	100.00	.	.	.	.	.	.	.	.	.	.	.	.	.	.	100.00	.	.	.
prokka_results/ERR1764981_prokka/ERR1764981.gbk	5	.	.	.	100.00	.	100.00	.	100.00	.	.	100.00	.	.	.	.	.	.	.	.	.	.	.	100.00	.	.	.
prokka_results/ERR1764982_prokka/ERR1764982.gbk	5	.	.	.	100.00	.	100.00	.	100.00	.	.	100.00	.	.	.	.	.	.	.	.	.	.	.	100.00	.	.	.
prokka_results/ERR1764983_prokka/ERR1764983.gbk	6	.	.	.	100.00	.	100.00	.	100.00	.	.	100.00	.	.	100.00	.	.	.	.	.	.	.	.	100.00	.	.	.
prokka_results/ERR1764984_prokka/ERR1764984.gbk	5	.	.	.	100.00	.	100.00	.	100.00	.	.	100.00	.	.	.	.	.	.	.	.	.	.	.	100.00	.	.	.
prokka_results/ERR1764985_prokka/ERR1764985.gbk	4	.	.	.	100.00	.	100.00	.	100.00	.	.	.	.	.	.	.	.	.	.	.	.	.	.	100.00	.	.	.
prokka_results/ERR1764986_prokka/ERR1764986.gbk	6	.	.	.	100.00	100.00	100.00	.	.	.	.	100.00	.	.	.	.	.	.	.	.	.	.	.	100.00	100.00	.	.
prokka_results/ERR1764987_prokka/ERR1764987.gbk	5	.	.	.	100.00	.	100.00	.	100.00	.	.	100.00	.	.	.	.	.	.	.	.	.	.	.	100.00	.	.	.
prokka_results/ERR1764988_prokka/ERR1764988.gbk	5	.	.	.	100.00	.	100.00	.	100.00	.	.	100.00	.	.	.	.	.	.	.	.	.	.	.	100.00	.	.	.
prokka_results/ERR1764989_prokka/ERR1764989.gbk	6	.	.	.	100.00	100.00	100.00	.	.	.	.	100.00	.	.	100.00	.	.	.	.	.	.	.	.	100.00	.	.	.
prokka_results/ERR1764990_prokka/ERR1764990.gbk	6	.	.	.	100.00	.	100.00	.	100.00	.	.	100.00	.	.	.	.	.	.	.	.	.	.	.	100.00	100.00	.	.
prokka_results/ERR1764991_prokka/ERR1764991.gbk	5	.	.	.	100.00	.	100.00	.	100.00	.	.	100.00	.	.	.	.	.	.	.	.	.	.	.	100.00	.	.	.
prokka_results/ERR1764992_prokka/ERR1764992.gbk	7	.	.	.	100.00	.	100.00	.	100.00	.	.	100.00	.	.	100.00	.	.	.	.	.	.	.	.	100.00	100.00	.	.
prokka_results/ERR1764993_prokka/ERR1764993.gbk	6	.	.	.	100.00	100.00	100.00	.	.	.	.	100.00	.	.	100.00	.	.	.	.	.	.	.	.	100.00	.	.	.
prokka_results/ERR1764994_prokka/ERR1764994.gbk	5	.	.	.	100.00	.	100.00	.	100.00	.	.	100.00	.	.	.	.	.	.	.	.	.	.	.	100.00	.	.	.
prokka_results/ERR1764995_prokka/ERR1764995.gbk	1	.	.	.	.	.	.	.	.	.	.	.	.	.	.	.	.	.	.	.	.	.	.	100.00	.	.	.
prokka_results/ERR1764996_prokka/ERR1764996.gbk	6	.	.	.	100.00	.	100.00	.	100.00	.	.	100.00	.	.	100.00	.	.	.	.	.	.	.	.	100.00	.	.	.
prokka_results/ERR1764997_prokka/ERR1764997.gbk	6	.	.	.	100.00	100.00	100.00	.	.	.	.	100.00	.	.	100.00	.	.	.	.	.	.	.	.	100.00	.	.	.
prokka_results/ERR1764998_prokka/ERR1764998.gbk	5	.	.	.	100.00	.	100.00	.	100.00	.	.	100.00	.	.	.	.	.	.	.	.	.	.	.	100.00	.	.	.
prokka_results/ERR1764999_prokka/ERR1764999.gbk	5	.	.	.	100.00	.	100.00	.	100.00	.	.	100.00	.	.	.	.	.	.	.	.	.	.	.	100.00	.	.	.
prokka_results/ERR1765000_prokka/ERR1765000.gbk	6	.	.	.	100.00	100.00	100.00	.	.	.	.	100.00	.	.	.	.	.	.	.	.	.	.	.	100.00	100.00	.	.
prokka_results/ERR1765001_prokka/ERR1765001.gbk	6	.	.	.	100.00	100.00	100.00	.	.	.	.	100.00	.	.	100.00	.	.	.	.	.	.	.	.	100.00	.	.	.
prokka_results/ERR1765002_prokka/ERR1765002.gbk	5	.	.	.	100.00	.	100.00	.	100.00	.	.	100.00	.	.	.	.	.	.	.	.	.	.	.	100.00	.	.	.
prokka_results/ERR1765004_prokka/ERR1765004.gbk	6	.	.	.	100.00	.	100.00	.	100.00	.	.	100.00	.	.	100.00	.	.	.	.	.	.	.	.	100.00	.	.	.
prokka_results/ERR1765005_prokka/ERR1765005.gbk	5	.	.	.	100.00	.	100.00	.	100.00	.	.	.	.	.	100.00	.	.	.	.	.	.	.	.	100.00	.	.	.
prokka_results/ERR1765006_prokka/ERR1765006.gbk	6	.	.	.	100.00	100.00	100.00	.	.	.	.	100.00	.	.	.	.	.	.	.	.	.	.	.	100.00	100.00	.	.
prokka_results/ERR1765007_prokka/ERR1765007.gbk	6	.	.	.	100.00	.	100.00	.	100.00	.	.	100.00	.	.	100.00	.	.	.	.	.	.	.	.	100.00	.	.	.
prokka_results/ERR1765008_prokka/ERR1765008.gbk	6	.	.	.	100.00	.	100.00	.	100.00	.	.	100.00	.	.	100.00	.	.	.	.	.	.	.	.	100.00	.	.	.
prokka_results/ERR1765009_prokka/ERR1765009.gbk	4	.	.	.	100.00	.	100.00	.	100.00	.	.	.	.	.	.	.	.	.	.	.	.	.	.	100.00	.	.	.
prokka_results/ERR1765010_prokka/ERR1765010.gbk	5	.	.	.	100.00	.	100.00	.	100.00	.	.	.	.	.	100.00	.	.	.	.	.	.	.	.	100.00	.	.	.
prokka_results/ERR1765011_prokka/ERR1765011.gbk	4	.	.	.	100.00	.	100.00	.	100.00	.	.	.	.	.	.	.	.	.	.	.	.	.	.	99.93	.	.	.
prokka_results/ERR1765012_prokka/ERR1765012.gbk	7	.	.	.	100.00	.	100.00	.	100.00	.	.	100.00	.	.	100.00	.	.	.	.	.	.	.	.	100.00	100.00	.	.
prokka_results/ERR1765013_prokka/ERR1765013.gbk	4	.	.	.	100.00	.	100.00	.	100.00	.	.	.	.	.	.	.	.	.	.	.	.	.	.	100.00	.	.	.
prokka_results/ERR1765014_prokka/ERR1765014.gbk	7	.	.	.	100.00	100.00	100.00	.	.	.	.	100.00	.	100.00	100.00	.	.	.	.	.	.	.	.	100.00	.	.	.
prokka_results/ERR1765015_prokka/ERR1765015.gbk	4	.	.	.	100.00	.	100.00	.	100.00	.	.	.	.	.	.	.	.	.	.	.	.	.	.	100.00	.	.	.
prokka_results/ERR1765016_prokka/ERR1765016.gbk	6	.	.	.	100.00	.	100.00	.	100.00	.	.	100.00	.	.	100.00	.	.	.	.	.	.	.	.	100.00	.	.	.
prokka_results/ERR1765017_prokka/ERR1765017.gbk	5	.	.	.	100.00	.	100.00	.	100.00	.	.	100.00	.	.	.	.	.	.	.	.	.	.	.	100.00	.	.	.
prokka_results/ERR1765018_prokka/ERR1765018.gbk	6	.	.	.	100.00	100.00	100.00	.	.	.	.	100.00	.	.	100.00	.	.	.	.	.	.	.	.	100.00	.	.	.
prokka_results/ERR1765019_prokka/ERR1765019.gbk	4	.	.	.	100.00	.	100.00	.	100.00	.	.	.	.	.	.	.	.	.	.	.	.	.	.	100.00	.	.	.
prokka_results/ERR1765020_prokka/ERR1765020.gbk	4	.	.	.	100.00	.	100.00	.	100.00	.	.	.	.	.	.	.	.	.	.	.	.	.	.	100.00	.	.	.
prokka_results/ERR1765021_prokka/ERR1765021.gbk	6	.	.	.	100.00	.	100.00	.	100.00	.	.	100.00	.	.	100.00	.	.	.	.	.	.	.	.	100.00	.	.	.
prokka_results/ERR1765022_prokka/ERR1765022.gbk	5	.	.	.	100.00	.	100.00	.	100.00	.	.	100.00	.	.	.	.	.	.	.	.	.	.	.	100.00	.	.	.
prokka_results/ERR1765023_prokka/ERR1765023.gbk	4	.	.	.	100.00	.	100.00	.	100.00	.	.	.	.	.	.	.	.	.	.	.	.	.	.	100.00	.	.	.
prokka_results/ERR1765024_prokka/ERR1765024.gbk	5	.	.	.	100.00	.	100.00	.	100.00	.	.	.	.	.	99.76	.	.	.	.	.	.	.	.	100.00	.	.	.
prokka_results/ERR1765025_prokka/ERR1765025.gbk	6	.	.	.	100.00	100.00	100.00	.	.	.	.	100.00	.	.	100.00	.	.	.	.	.	.	.	.	100.00	.	.	.
prokka_results/ERR1765026_prokka/ERR1765026.gbk	5	.	.	.	100.00	.	100.00	.	100.00	.	.	.	.	.	99.76	.	.	.	.	.	.	.	.	100.00	.	.	.
prokka_results/ERR1765027_prokka/ERR1765027.gbk	5	.	.	.	100.00	.	100.00	.	100.00	.	.	.	.	.	.	.	.	.	.	.	.	.	.	100.00	100.00	.	.
prokka_results/ERR1765028_prokka/ERR1765028.gbk	4	.	.	.	100.00	.	100.00	.	100.00	.	.	.	.	.	.	.	.	.	.	.	.	.	.	100.00	.	.	.
prokka_results/ERR1765029_prokka/ERR1765029.gbk	4	.	.	.	100.00	.	100.00	.	100.00	.	.	.	.	.	.	.	.	.	.	.	.	.	.	100.00	.	.	.
prokka_results/ERR1765030_prokka/ERR1765030.gbk	7	.	.	.	100.00	.	100.00	.	100.00	.	.	100.00	.	.	100.00	.	.	.	.	.	.	.	.	100.00	100.00	.	.
prokka_results/ERR1765031_prokka/ERR1765031.gbk	7	.	.	.	100.00	.	100.00	.	100.00	.	100.00	.	.	.	.	100.00	.	.	.	.	.	.	.	100.00	.	.	100.00
prokka_results/ERR1765032_prokka/ERR1765032.gbk	8	.	.	.	100.00	100.00	100.00	.	.	.	.	100.00	.	100.00	100.00	.	.	.	.	.	.	.	.	100.00	88.33	.	.
prokka_results/ERR1765033_prokka/ERR1765033.gbk	4	.	.	.	100.00	.	100.00	.	100.00	.	.	.	.	.	.	.	.	.	.	.	.	.	.	100.00	.	.	.
prokka_results/ERR1765034_prokka/ERR1765034.gbk	4	.	.	.	100.00	.	100.00	.	100.00	.	.	.	.	.	.	.	.	.	.	.	.	.	.	100.00	.	.	.
prokka_results/ERR1765035_prokka/ERR1765035.gbk	6	.	.	.	100.00	.	100.00	.	100.00	.	.	100.00	.	.	100.00	.	.	.	.	.	.	.	.	100.00	.	.	.
prokka_results/ERR1765036_prokka/ERR1765036.gbk	6	.	.	.	100.00	100.00	100.00	.	.	.	.	100.00	.	.	100.00	.	.	.	.	.	.	.	.	100.00	.	.	.
prokka_results/ERR1765037_prokka/ERR1765037.gbk	4	.	.	.	100.00	.	100.00	.	100.00	.	.	.	.	.	.	.	.	.	.	.	.	.	.	100.00	.	.	.
prokka_results/ERR1765038_prokka/ERR1765038.gbk	6	.	.	.	100.00	.	100.00	.	100.00	.	.	100.00	.	.	100.00	.	.	.	.	.	.	.	.	100.00	.	.	.
prokka_results/ERR1765039_prokka/ERR1765039.gbk	5	.	.	.	100.00	.	100.00	.	100.00	.	.	100.00	.	.	.	.	.	.	.	.	.	.	.	100.00	.	.	.
prokka_results/ERR1765040_prokka/ERR1765040.gbk	4	.	.	.	100.00	.	100.00	.	100.00	.	.	.	.	.	.	.	.	.	.	.	.	.	.	100.00	.	.	.
prokka_results/ERR1765041_prokka/ERR1765041.gbk	5	.	.	.	100.00	.	100.00	.	100.00	.	.	100.00	.	.	.	.	.	.	.	.	.	.	.	100.00	.	.	.
prokka_results/ERR1765042_prokka/ERR1765042.gbk	4	.	.	.	100.00	.	100.00	.	100.00	.	.	.	.	.	.	.	.	.	.	.	.	.	.	100.00	.	.	.
prokka_results/ERR1765043_prokka/ERR1765043.gbk	5	.	.	.	100.00	.	100.00	.	100.00	.	.	100.00	.	.	.	.	.	.	.	.	.	.	.	100.00	.	.	.
prokka_results/ERR1765044_prokka/ERR1765044.gbk	7	.	.	.	100.00	.	100.00	.	100.00	.	.	100.00	.	.	100.00	.	.	.	.	.	.	.	.	100.00	100.00	.	.
prokka_results/ERR1765045_prokka/ERR1765045.gbk	6	.	.	.	100.00	100.00	100.00	.	.	.	.	.	.	.	100.00	.	.	.	.	.	.	.	.	100.00	97.61	.	.
prokka_results/ERR1765046_prokka/ERR1765046.gbk	5	.	.	.	100.00	100.00	100.00	.	.	.	.	.	.	.	100.00	.	.	.	.	.	.	.	.	100.00	.	.	.
prokka_results/ERR1765047_prokka/ERR1765047.gbk	4	.	.	.	100.00	.	100.00	.	100.00	.	.	.	.	.	.	.	.	.	.	.	.	.	.	100.00	.	.	.
prokka_results/ERR1765048_prokka/ERR1765048.gbk	5	.	.	.	100.00	.	100.00	.	100.00	.	.	.	.	.	.	.	.	.	.	.	.	.	.	100.00	100.00	.	.
prokka_results/ERR1765049_prokka/ERR1765049.gbk	6	.	.	.	100.00	.	100.00	.	100.00	.	.	100.00	.	.	.	.	.	.	.	.	.	.	.	100.00	100.00	.	.
prokka_results/ERR1765050_prokka/ERR1765050.gbk	6	.	.	.	100.00	.	100.00	.	100.00	.	.	100.00	.	.	.	.	.	.	.	.	.	.	.	100.00	90.14	.	.
prokka_results/ERR1765051_prokka/ERR1765051.gbk	5	.	.	.	100.00	.	100.00	.	100.00	.	.	100.00	.	.	.	.	.	.	.	.	.	.	.	100.00	.	.	.
prokka_results/ERR1765052_prokka/ERR1765052.gbk	5	.	.	.	100.00	.	100.00	.	100.00	.	.	.	.	.	100.00	.	.	.	.	.	.	.	.	100.00	.	.	.
prokka_results/ERR1791869_prokka/ERR1791869.gbk	5	.	.	.	100.00	.	100.00	.	100.00	.	.	100.00	.	.	.	.	.	.	.	.	.	.	.	100.00	.	.	.
prokka_results/ERR1791870_prokka/ERR1791870.gbk	5	.	.	.	100.00	.	100.00	.	100.00	.	.	100.00	.	.	.	.	.	.	.	.	.	.	.	100.00	.	.	.
prokka_results/ERR1791871_prokka/ERR1791871.gbk	7	.	.	.	100.00	.	100.00	.	100.00	.	.	100.00	.	100.00	100.00	.	.	.	.	.	.	.	.	100.00	.	.	.
prokka_results/ERR1791872_prokka/ERR1791872.gbk	5	.	.	.	100.00	.	100.00	.	100.00	.	.	100.00	.	.	.	.	.	.	.	.	.	.	.	100.00	.	.	.
prokka_results/ERR1791873_prokka/ERR1791873.gbk	4	.	.	.	100.00	.	100.00	.	100.00	.	.	.	.	.	.	.	.	.	.	.	.	.	.	100.00	.	.	.
prokka_results/ERR1791874_prokka/ERR1791874.gbk	5	.	.	.	100.00	.	100.00	.	100.00	.	.	100.00	.	.	.	.	.	.	.	.	.	.	.	100.00	.	.	.
prokka_results/ERR1791875_prokka/ERR1791875.gbk	5	.	.	.	100.00	.	100.00	.	100.00	.	.	100.00	.	.	.	.	.	.	.	.	.	.	.	100.00	.	.	.
prokka_results/ERR1791876_prokka/ERR1791876.gbk	5	.	.	.	100.00	.	100.00	.	100.00	.	.	100.00	.	.	.	.	.	.	.	.	.	.	.	100.00	.	.	.
prokka_results/ERR1791877_prokka/ERR1791877.gbk	6	.	.	.	100.00	.	100.00	.	100.00	.	.	100.00	.	.	100.00	.	.	.	.	.	.	.	.	100.00	.	.	.
prokka_results/ERR1791878_prokka/ERR1791878.gbk	5	.	.	.	100.00	.	100.00	.	100.00	.	.	100.00	.	.	.	.	.	.	.	.	.	.	.	100.00	.	.	.
prokka_results/ERR1791879_prokka/ERR1791879.gbk	6	.	.	.	100.00	100.00	100.00	.	.	.	.	100.00	.	.	100.00	.	.	.	.	.	.	.	.	100.00	.	.	.
prokka_results/ERR1791880_prokka/ERR1791880.gbk	5	.	.	.	100.00	.	100.00	.	100.00	.	.	100.00	.	.	.	.	.	.	.	.	.	.	.	100.00	.	.	.
prokka_results/ERR1791881_prokka/ERR1791881.gbk	7	.	.	.	100.00	.	100.00	.	100.00	.	100.00	.	.	.	.	100.00	.	.	.	.	.	.	.	100.00	.	.	100.00
prokka_results/ERR1791882_prokka/ERR1791882.gbk	2	.	.	.	.	.	.	.	.	.	.	100.00	.	.	.	.	.	.	.	.	.	.	.	100.00	.	.	.
prokka_results/ERR4692239_prokka/ERR4692239.gbk	5	.	.	.	100.00	.	.	.	100.00	.	.	100.00	.	.	.	.	.	.	.	.	.	.	.	100.00	100.00	.	.
prokka_results/ERR4692240_prokka/ERR4692240.gbk	5	.	.	.	87.14	100.00	.	.	.	.	.	100.00	.	.	100.00	.	.	.	.	.	.	.	.	100.00	.	.	.
prokka_results/ERR4692241_prokka/ERR4692241.gbk	5	.	.	.	100.00	.	.	.	100.00	.	.	100.00	.	.	.	.	.	.	.	.	.	.	.	100.00	100.00	.	.
prokka_results/ERR4692245_prokka/ERR4692245.gbk	5	.	.	.	100.00	.	.	.	100.00	.	.	100.00	.	.	.	.	.	.	.	.	.	.	.	100.00	100.00	.	.
prokka_results/ERR4692246_prokka/ERR4692246.gbk	6	.	.	.	100.00	.	100.00	.	100.00	.	.	100.00	.	.	.	.	.	.	.	.	.	.	.	100.00	100.00	.	.
prokka_results/ERR4692257_prokka/ERR4692257.gbk	6	.	.	.	100.00	.	100.00	.	100.00	.	.	100.00	.	.	100.00	.	.	.	.	.	.	.	.	100.00	.	.	.
prokka_results/ERR4692259_prokka/ERR4692259.gbk	14	100.00	89.15	100.00	100.00	.	.	.	.	.	.	100.00	100.00	.	100.00	100.00	100.00	100.00	.	.	.	100.00	.	100.00	91.67	100.00	.
prokka_results/ERR4692260_prokka/ERR4692260.gbk	4	.	.	.	100.00	.	.	.	100.00	.	.	100.00	.	.	.	.	.	.	.	.	.	.	.	100.00	.	.	.
prokka_results/ERR4692262_prokka/ERR4692262.gbk	4	.	.	.	100.00	.	.	.	100.00	.	.	100.00	.	.	.	.	.	.	.	.	.	.	.	100.00	.	.	.
prokka_results/ERR4692264_prokka/ERR4692264.gbk	6	.	.	.	100.00	.	100.00	.	100.00	.	.	100.00	.	.	.	.	.	.	.	.	.	.	.	100.00	100.00	.	.
prokka_results/ERR4692266_prokka/ERR4692266.gbk	4	.	.	.	100.00	.	.	.	100.00	.	.	100.00	.	.	.	.	.	.	.	.	.	.	.	100.00	.	.	.
prokka_results/ERR4692267_prokka/ERR4692267.gbk	4	.	.	.	100.00	.	.	.	100.00	.	.	100.00	.	.	.	.	.	.	.	.	.	.	.	100.00	.	.	.
prokka_results/ERR4692269_prokka/ERR4692269.gbk	11	.	89.15	.	100.00	.	100.00	.	100.00	.	100.00	100.00	.	100.00	100.00	100.00	.	.	.	.	.	.	.	100.00	100.00	.	.
prokka_results/SRR31799955_prokka/SRR31799955.gbk	5	.	.	.	100.00	.	100.00	.	100.00	.	.	100.00	.	.	.	.	.	.	.	.	.	.	.	100.00	.	.	.
prokka_results/SRR31799973_prokka/SRR31799973.gbk	10	.	89.15	100.00	100.00	.	100.00	.	100.00	.	.	100.00	.	.	.	100.00	.	.	.	.	.	100.00	.	100.00	100.00	.	.
prokka_results/SRR31799977_prokka/SRR31799977.gbk	3	.	.	.	.	.	.	.	.	.	.	100.00	.	.	.	.	.	.	.	.	.	.	.	100.00	100.00	.	.
prokka_results/SRR31800042_prokka/SRR31800042.gbk	6	.	.	.	100.00	.	100.00	.	100.00	.	.	100.00	.	.	.	.	.	.	.	.	.	.	.	100.00	100.00	.	.
prokka_results/SRR31800733_prokka/SRR31800733.gbk	2	.	.	.	.	.	.	.	.	.	.	100.00	.	.	.	.	.	.	.	.	.	.	.	100.00	.	.	.
